exercise_id,canonical_name,exercise_family,variant_of,exercise_class,training_category_id,body_region,primary_muscle_group,movement_pattern_id,movement_plane,mechanic,force,laterality,position,tracking_mode_id,difficulty,skill_demand_1_5,stability_demand_1_5,fatigue_cost_1_5,loading_potential_1_5,hypertrophy_suitability_1_5,strength_suitability_1_5,power_suitability_1_5,endurance_suitability_1_5,cardio_suitability_1_5,beginner_allowed,ai_selection_allowed,ai_substitution_allowed,advanced_only,safety_flag,medical_review_required,verification_status,confidence_score,source_ids,notes
BARBELL_BENCH_PRESS,Barbell Bench Press,Bench Press,BENCH_PRESS,Resistance,RESISTANCE,Upper Body,Chest,HORIZONTAL_PUSH,Transverse,Compound,Push,Bilateral,Supine,WEIGHT_REPS,Intermediate,3,3,4,5,4,4,1,3,1,0,1,1,0,STANDARD,0,CURATED_SEED_NEEDS_DOMAIN_REVIEW,0.8,SRC_CURATED_V1;SRC_ACE_LIBRARY;SRC_FREE_EX_DB,"Scores are heuristic ranking metadata for software/AI, not medical or clinical guidance."
PAUSED_BARBELL_BENCH_PRESS,Paused Barbell Bench Press,Bench Press,BENCH_PRESS,Resistance,RESISTANCE,Upper Body,Chest,HORIZONTAL_PUSH,Transverse,Compound,Push,Bilateral,Supine,WEIGHT_REPS,Advanced,5,3,4,5,4,4,1,3,1,0,1,1,1,TECHNIQUE_SENSITIVE,0,CURATED_SEED_NEEDS_DOMAIN_REVIEW,0.72,SRC_CURATED_V1;SRC_ACE_LIBRARY;SRC_FREE_EX_DB,"Scores are heuristic ranking metadata for software/AI, not medical or clinical guidance."
CLOSE_GRIP_BARBELL_BENCH_PRESS,Close-Grip Barbell Bench Press,Bench Press,BENCH_PRESS,Resistance,RESISTANCE,Upper Body,Triceps,HORIZONTAL_PUSH,Transverse,Compound,Push,Bilateral,Supine,WEIGHT_REPS,Intermediate,3,3,4,5,4,4,1,3,1,0,1,1,0,STANDARD,0,CURATED_SEED_NEEDS_DOMAIN_REVIEW,0.8,SRC_CURATED_V1;SRC_ACE_LIBRARY;SRC_FREE_EX_DB,"Scores are heuristic ranking metadata for software/AI, not medical or clinical guidance."
WIDE_GRIP_BARBELL_BENCH_PRESS,Wide-Grip Barbell Bench Press,Bench Press,BENCH_PRESS,Resistance,RESISTANCE,Upper Body,Chest,HORIZONTAL_PUSH,Transverse,Compound,Push,Bilateral,Supine,WEIGHT_REPS,Intermediate,3,3,4,5,4,4,1,3,1,0,1,1,0,STANDARD,0,CURATED_SEED_NEEDS_DOMAIN_REVIEW,0.8,SRC_CURATED_V1;SRC_ACE_LIBRARY;SRC_FREE_EX_DB,"Scores are heuristic ranking metadata for software/AI, not medical or clinical guidance."
INCLINE_BARBELL_BENCH_PRESS,Incline Barbell Bench Press,Incline Press,INCLINE_PRESS,Resistance,RESISTANCE,Upper Body,Chest,HORIZONTAL_PUSH,Transverse,Compound,Push,Bilateral,Supine,WEIGHT_REPS,Intermediate,3,3,4,5,4,4,1,3,1,0,1,1,0,STANDARD,0,CURATED_SEED_NEEDS_DOMAIN_REVIEW,0.8,SRC_CURATED_V1;SRC_ACE_LIBRARY;SRC_FREE_EX_DB,"Scores are heuristic ranking metadata for software/AI, not medical or clinical guidance."
DECLINE_BARBELL_BENCH_PRESS,Decline Barbell Bench Press,Decline Press,DECLINE_PRESS,Resistance,RESISTANCE,Upper Body,Chest,HORIZONTAL_PUSH,Transverse,Compound,Push,Bilateral,Supine,WEIGHT_REPS,Intermediate,3,3,4,5,4,4,1,3,1,0,1,1,0,STANDARD,0,CURATED_SEED_NEEDS_DOMAIN_REVIEW,0.8,SRC_CURATED_V1;SRC_ACE_LIBRARY;SRC_FREE_EX_DB,"Scores are heuristic ranking metadata for software/AI, not medical or clinical guidance."
DUMBBELL_BENCH_PRESS,Dumbbell Bench Press,Bench Press,BENCH_PRESS,Resistance,RESISTANCE,Upper Body,Chest,HORIZONTAL_PUSH,Transverse,Compound,Push,Bilateral,Supine,WEIGHT_REPS,Beginner,1,3,4,4,4,4,1,3,1,1,1,1,0,STANDARD,0,CURATED_SEED_NEEDS_DOMAIN_REVIEW,0.8,SRC_CURATED_V1;SRC_ACE_LIBRARY;SRC_FREE_EX_DB,"Scores are heuristic ranking metadata for software/AI, not medical or clinical guidance."
ALTERNATING_DUMBBELL_BENCH_PRESS,Alternating Dumbbell Bench Press,Bench Press,BENCH_PRESS,Resistance,RESISTANCE,Upper Body,Chest,HORIZONTAL_PUSH,Transverse,Compound,Push,Alternating,Supine,WEIGHT_REPS,Intermediate,3,3,4,4,4,4,1,3,1,0,1,1,0,STANDARD,0,CURATED_SEED_NEEDS_DOMAIN_REVIEW,0.8,SRC_CURATED_V1;SRC_ACE_LIBRARY;SRC_FREE_EX_DB,"Scores are heuristic ranking metadata for software/AI, not medical or clinical guidance."
SINGLE_ARM_DUMBBELL_BENCH_PRESS,Single-Arm Dumbbell Bench Press,Bench Press,BENCH_PRESS,Resistance,RESISTANCE,Upper Body,Chest,HORIZONTAL_PUSH,Transverse,Compound,Push,Unilateral,Supine,WEIGHT_REPS,Intermediate,3,3,4,4,4,4,1,3,1,0,1,1,0,STANDARD,0,CURATED_SEED_NEEDS_DOMAIN_REVIEW,0.8,SRC_CURATED_V1;SRC_ACE_LIBRARY;SRC_FREE_EX_DB,"Scores are heuristic ranking metadata for software/AI, not medical or clinical guidance."
INCLINE_DUMBBELL_BENCH_PRESS,Incline Dumbbell Bench Press,Incline Press,INCLINE_PRESS,Resistance,RESISTANCE,Upper Body,Chest,HORIZONTAL_PUSH,Transverse,Compound,Push,Bilateral,Supine,WEIGHT_REPS,Beginner,1,3,4,4,4,4,1,3,1,1,1,1,0,STANDARD,0,CURATED_SEED_NEEDS_DOMAIN_REVIEW,0.8,SRC_CURATED_V1;SRC_ACE_LIBRARY;SRC_FREE_EX_DB,"Scores are heuristic ranking metadata for software/AI, not medical or clinical guidance."
DECLINE_DUMBBELL_BENCH_PRESS,Decline Dumbbell Bench Press,Decline Press,DECLINE_PRESS,Resistance,RESISTANCE,Upper Body,Chest,HORIZONTAL_PUSH,Transverse,Compound,Push,Bilateral,Supine,WEIGHT_REPS,Intermediate,3,3,4,4,4,4,1,3,1,0,1,1,0,STANDARD,0,CURATED_SEED_NEEDS_DOMAIN_REVIEW,0.8,SRC_CURATED_V1;SRC_ACE_LIBRARY;SRC_FREE_EX_DB,"Scores are heuristic ranking metadata for software/AI, not medical or clinical guidance."
NEUTRAL_GRIP_DUMBBELL_BENCH_PRESS,Neutral-Grip Dumbbell Bench Press,Bench Press,BENCH_PRESS,Resistance,RESISTANCE,Upper Body,Chest,HORIZONTAL_PUSH,Transverse,Compound,Push,Bilateral,Supine,WEIGHT_REPS,Beginner,1,3,4,4,4,4,1,3,1,1,1,1,0,STANDARD,0,CURATED_SEED_NEEDS_DOMAIN_REVIEW,0.8,SRC_CURATED_V1;SRC_ACE_LIBRARY;SRC_FREE_EX_DB,"Scores are heuristic ranking metadata for software/AI, not medical or clinical guidance."
DUMBBELL_FLOOR_PRESS,Dumbbell Floor Press,Floor Press,FLOOR_PRESS,Resistance,RESISTANCE,Upper Body,Chest,HORIZONTAL_PUSH,Transverse,Compound,Push,Bilateral,Supine,WEIGHT_REPS,Beginner,1,3,4,4,4,4,1,3,1,1,1,1,0,STANDARD,0,CURATED_SEED_NEEDS_DOMAIN_REVIEW,0.8,SRC_CURATED_V1;SRC_ACE_LIBRARY;SRC_FREE_EX_DB,"Scores are heuristic ranking metadata for software/AI, not medical or clinical guidance."
BARBELL_FLOOR_PRESS,Barbell Floor Press,Floor Press,FLOOR_PRESS,Resistance,RESISTANCE,Upper Body,Chest,HORIZONTAL_PUSH,Transverse,Compound,Push,Bilateral,Supine,WEIGHT_REPS,Intermediate,3,3,4,5,4,4,1,3,1,0,1,1,0,STANDARD,0,CURATED_SEED_NEEDS_DOMAIN_REVIEW,0.8,SRC_CURATED_V1;SRC_ACE_LIBRARY;SRC_FREE_EX_DB,"Scores are heuristic ranking metadata for software/AI, not medical or clinical guidance."
SMITH_MACHINE_BENCH_PRESS,Smith Machine Bench Press,Bench Press,BENCH_PRESS,Resistance,RESISTANCE,Upper Body,Chest,HORIZONTAL_PUSH,Transverse,Compound,Push,Bilateral,Supine,WEIGHT_REPS,Beginner,1,2,4,5,4,4,1,3,1,1,1,1,0,STANDARD,0,CURATED_SEED_NEEDS_DOMAIN_REVIEW,0.8,SRC_CURATED_V1;SRC_ACE_LIBRARY;SRC_FREE_EX_DB,"Scores are heuristic ranking metadata for software/AI, not medical or clinical guidance."
SMITH_MACHINE_INCLINE_PRESS,Smith Machine Incline Press,Incline Press,INCLINE_PRESS,Resistance,RESISTANCE,Upper Body,Chest,HORIZONTAL_PUSH,Transverse,Compound,Push,Bilateral,Supine,WEIGHT_REPS,Beginner,1,2,4,5,4,4,1,3,1,1,1,1,0,STANDARD,0,CURATED_SEED_NEEDS_DOMAIN_REVIEW,0.8,SRC_CURATED_V1;SRC_ACE_LIBRARY;SRC_FREE_EX_DB,"Scores are heuristic ranking metadata for software/AI, not medical or clinical guidance."
MACHINE_CHEST_PRESS,Machine Chest Press,Chest Press,CHEST_PRESS,Resistance,RESISTANCE,Upper Body,Chest,HORIZONTAL_PUSH,Transverse,Compound,Push,Bilateral,Seated,WEIGHT_REPS,Beginner,1,2,4,2,4,4,1,3,1,1,1,1,0,STANDARD,0,CURATED_SEED_NEEDS_DOMAIN_REVIEW,0.8,SRC_CURATED_V1;SRC_ACE_LIBRARY;SRC_FREE_EX_DB,"Scores are heuristic ranking metadata for software/AI, not medical or clinical guidance."
INCLINE_CHEST_PRESS_MACHINE,Incline Chest Press Machine,Incline Press,INCLINE_PRESS,Resistance,RESISTANCE,Upper Body,Chest,HORIZONTAL_PUSH,Transverse,Compound,Push,Bilateral,Seated,WEIGHT_REPS,Beginner,1,2,4,5,4,4,1,3,1,1,1,1,0,STANDARD,0,CURATED_SEED_NEEDS_DOMAIN_REVIEW,0.8,SRC_CURATED_V1;SRC_ACE_LIBRARY;SRC_FREE_EX_DB,"Scores are heuristic ranking metadata for software/AI, not medical or clinical guidance."
CABLE_CHEST_PRESS,Cable Chest Press,Chest Press,CHEST_PRESS,Resistance,RESISTANCE,Upper Body,Chest,HORIZONTAL_PUSH,Transverse,Compound,Push,Bilateral,Standing,WEIGHT_REPS,Intermediate,3,3,4,4,4,4,1,3,1,0,1,1,0,STANDARD,0,CURATED_SEED_NEEDS_DOMAIN_REVIEW,0.8,SRC_CURATED_V1;SRC_ACE_LIBRARY;SRC_FREE_EX_DB,"Scores are heuristic ranking metadata for software/AI, not medical or clinical guidance."
SINGLE_ARM_CABLE_CHEST_PRESS,Single-Arm Cable Chest Press,Chest Press,CHEST_PRESS,Resistance,RESISTANCE,Upper Body,Chest,HORIZONTAL_PUSH,Transverse,Compound,Push,Unilateral,Standing,WEIGHT_REPS,Intermediate,3,3,4,4,4,4,1,3,1,0,1,1,0,STANDARD,0,CURATED_SEED_NEEDS_DOMAIN_REVIEW,0.8,SRC_CURATED_V1;SRC_ACE_LIBRARY;SRC_FREE_EX_DB,"Scores are heuristic ranking metadata for software/AI, not medical or clinical guidance."
PUSH_UP,Push-Up,Push-Up,,Resistance,RESISTANCE,Upper Body,Chest,HORIZONTAL_PUSH,Transverse,Compound,Push,Bilateral,Prone,BODYWEIGHT_REPS,Beginner,1,3,4,2,4,4,1,3,1,1,1,1,0,STANDARD,0,CURATED_SEED_NEEDS_DOMAIN_REVIEW,0.8,SRC_CURATED_V1;SRC_ACE_LIBRARY;SRC_FREE_EX_DB,"Scores are heuristic ranking metadata for software/AI, not medical or clinical guidance."
INCLINE_PUSH_UP,Incline Push-Up,Push-Up,PUSH_UP,Resistance,RESISTANCE,Upper Body,Chest,HORIZONTAL_PUSH,Transverse,Compound,Push,Bilateral,Prone,REPS_ONLY,Beginner,1,3,4,2,4,4,1,3,1,1,1,1,0,STANDARD,0,CURATED_SEED_NEEDS_DOMAIN_REVIEW,0.8,SRC_CURATED_V1;SRC_ACE_LIBRARY;SRC_FREE_EX_DB,"Scores are heuristic ranking metadata for software/AI, not medical or clinical guidance."
DECLINE_PUSH_UP,Decline Push-Up,Push-Up,PUSH_UP,Resistance,RESISTANCE,Upper Body,Chest,HORIZONTAL_PUSH,Transverse,Compound,Push,Bilateral,Prone,REPS_ONLY,Intermediate,3,3,4,2,4,4,1,3,1,0,1,1,0,STANDARD,0,CURATED_SEED_NEEDS_DOMAIN_REVIEW,0.8,SRC_CURATED_V1;SRC_ACE_LIBRARY;SRC_FREE_EX_DB,"Scores are heuristic ranking metadata for software/AI, not medical or clinical guidance."
WEIGHTED_PUSH_UP,Weighted Push-Up,Push-Up,PUSH_UP,Resistance,RESISTANCE,Upper Body,Chest,HORIZONTAL_PUSH,Transverse,Compound,Push,Bilateral,Prone,WEIGHTED_BODYWEIGHT_REPS,Intermediate,3,3,4,2,4,4,1,3,1,0,1,1,0,STANDARD,0,CURATED_SEED_NEEDS_DOMAIN_REVIEW,0.8,SRC_CURATED_V1;SRC_ACE_LIBRARY;SRC_FREE_EX_DB,"Scores are heuristic ranking metadata for software/AI, not medical or clinical guidance."
RING_SUSPENSION_PUSH_UP,Ring / Suspension Push-Up,Push-Up,PUSH_UP,Resistance,RESISTANCE,Upper Body,Chest,HORIZONTAL_PUSH,Transverse,Compound,Push,Bilateral,Prone,REPS_ONLY,Intermediate,3,3,4,2,4,4,1,3,1,0,1,1,0,STANDARD,0,CURATED_SEED_NEEDS_DOMAIN_REVIEW,0.8,SRC_CURATED_V1;SRC_ACE_LIBRARY;SRC_FREE_EX_DB,"Scores are heuristic ranking metadata for software/AI, not medical or clinical guidance."
DUMBBELL_FLY,Dumbbell Fly,Chest Fly,CHEST_FLY,Resistance,RESISTANCE,Upper Body,Chest,HORIZONTAL_PUSH,Transverse,Isolation,Push,Bilateral,Supine,WEIGHT_REPS,Beginner,1,3,2,4,5,2,1,3,1,1,1,1,0,STANDARD,0,CURATED_SEED_NEEDS_DOMAIN_REVIEW,0.8,SRC_CURATED_V1;SRC_ACE_LIBRARY;SRC_FREE_EX_DB,"Scores are heuristic ranking metadata for software/AI, not medical or clinical guidance."
INCLINE_DUMBBELL_FLY,Incline Dumbbell Fly,Chest Fly,CHEST_FLY,Resistance,RESISTANCE,Upper Body,Chest,HORIZONTAL_PUSH,Transverse,Isolation,Push,Bilateral,Supine,WEIGHT_REPS,Intermediate,3,3,2,4,5,2,1,3,1,0,1,1,0,STANDARD,0,CURATED_SEED_NEEDS_DOMAIN_REVIEW,0.8,SRC_CURATED_V1;SRC_ACE_LIBRARY;SRC_FREE_EX_DB,"Scores are heuristic ranking metadata for software/AI, not medical or clinical guidance."
CABLE_FLY,Cable Fly,Chest Fly,CHEST_FLY,Resistance,RESISTANCE,Upper Body,Chest,HORIZONTAL_PUSH,Transverse,Isolation,Push,Bilateral,Standing,WEIGHT_REPS,Beginner,1,1,2,4,5,2,1,3,1,1,1,1,0,STANDARD,0,CURATED_SEED_NEEDS_DOMAIN_REVIEW,0.8,SRC_CURATED_V1;SRC_ACE_LIBRARY;SRC_FREE_EX_DB,"Scores are heuristic ranking metadata for software/AI, not medical or clinical guidance."
LOW_TO_HIGH_CABLE_FLY,Low-to-High Cable Fly,Chest Fly,CHEST_FLY,Resistance,RESISTANCE,Upper Body,Chest,HORIZONTAL_PUSH,Transverse,Isolation,Push,Bilateral,Standing,WEIGHT_REPS,Intermediate,3,1,2,4,5,2,1,3,1,0,1,1,0,STANDARD,0,CURATED_SEED_NEEDS_DOMAIN_REVIEW,0.8,SRC_CURATED_V1;SRC_ACE_LIBRARY;SRC_FREE_EX_DB,"Scores are heuristic ranking metadata for software/AI, not medical or clinical guidance."
HIGH_TO_LOW_CABLE_FLY,High-to-Low Cable Fly,Chest Fly,CHEST_FLY,Resistance,RESISTANCE,Upper Body,Chest,HORIZONTAL_PUSH,Transverse,Isolation,Push,Bilateral,Standing,WEIGHT_REPS,Intermediate,3,1,2,4,5,2,1,3,1,0,1,1,0,STANDARD,0,CURATED_SEED_NEEDS_DOMAIN_REVIEW,0.8,SRC_CURATED_V1;SRC_ACE_LIBRARY;SRC_FREE_EX_DB,"Scores are heuristic ranking metadata for software/AI, not medical or clinical guidance."
PEC_DECK_FLY,Pec Deck Fly,Chest Fly,CHEST_FLY,Resistance,RESISTANCE,Upper Body,Chest,HORIZONTAL_PUSH,Transverse,Isolation,Push,Bilateral,Seated,REPS_ONLY,Beginner,1,1,2,2,5,2,1,3,1,1,1,1,0,STANDARD,0,CURATED_SEED_NEEDS_DOMAIN_REVIEW,0.8,SRC_CURATED_V1;SRC_ACE_LIBRARY;SRC_FREE_EX_DB,"Scores are heuristic ranking metadata for software/AI, not medical or clinical guidance."
DUMBBELL_PULLOVER,Dumbbell Pullover,Pullover,PULLOVER,Resistance,RESISTANCE,Upper Body,Chest,SHOULDER_EXTENSION,Sagittal,Compound,Pull,Bilateral,Supine,WEIGHT_REPS,Intermediate,3,3,4,4,4,4,1,3,1,0,1,1,0,STANDARD,0,CURATED_SEED_NEEDS_DOMAIN_REVIEW,0.8,SRC_CURATED_V1;SRC_ACE_LIBRARY;SRC_FREE_EX_DB,"Scores are heuristic ranking metadata for software/AI, not medical or clinical guidance."
PULL_UP,Pull-Up,Pull-Up,,Resistance,RESISTANCE,Upper Body,Back,VERTICAL_PULL,Sagittal,Compound,Pull,Bilateral,Hanging,REPS_ONLY,Intermediate,3,3,4,2,4,4,1,3,1,0,1,1,0,STANDARD,0,CURATED_SEED_NEEDS_DOMAIN_REVIEW,0.8,SRC_CURATED_V1;SRC_ACE_LIBRARY;SRC_FREE_EX_DB,"Scores are heuristic ranking metadata for software/AI, not medical or clinical guidance."
CHIN_UP,Chin-Up,Pull-Up,PULL_UP,Resistance,RESISTANCE,Upper Body,Back,VERTICAL_PULL,Sagittal,Compound,Pull,Bilateral,Hanging,REPS_ONLY,Intermediate,3,3,4,2,4,4,1,3,1,0,1,1,0,STANDARD,0,CURATED_SEED_NEEDS_DOMAIN_REVIEW,0.8,SRC_CURATED_V1;SRC_ACE_LIBRARY;SRC_FREE_EX_DB,"Scores are heuristic ranking metadata for software/AI, not medical or clinical guidance."
NEUTRAL_GRIP_PULL_UP,Neutral-Grip Pull-Up,Pull-Up,PULL_UP,Resistance,RESISTANCE,Upper Body,Back,VERTICAL_PULL,Sagittal,Compound,Pull,Bilateral,Hanging,REPS_ONLY,Intermediate,3,3,4,2,4,4,1,3,1,0,1,1,0,STANDARD,0,CURATED_SEED_NEEDS_DOMAIN_REVIEW,0.8,SRC_CURATED_V1;SRC_ACE_LIBRARY;SRC_FREE_EX_DB,"Scores are heuristic ranking metadata for software/AI, not medical or clinical guidance."
WIDE_GRIP_PULL_UP,Wide-Grip Pull-Up,Pull-Up,PULL_UP,Resistance,RESISTANCE,Upper Body,Back,VERTICAL_PULL,Sagittal,Compound,Pull,Bilateral,Hanging,REPS_ONLY,Advanced,5,3,4,2,4,4,1,3,1,0,1,1,1,TECHNIQUE_SENSITIVE,0,CURATED_SEED_NEEDS_DOMAIN_REVIEW,0.72,SRC_CURATED_V1;SRC_ACE_LIBRARY;SRC_FREE_EX_DB,"Scores are heuristic ranking metadata for software/AI, not medical or clinical guidance."
WEIGHTED_PULL_UP,Weighted Pull-Up,Pull-Up,PULL_UP,Resistance,RESISTANCE,Upper Body,Back,VERTICAL_PULL,Sagittal,Compound,Pull,Bilateral,Hanging,WEIGHTED_BODYWEIGHT_REPS,Advanced,5,3,4,2,4,4,1,3,1,0,1,1,1,TECHNIQUE_SENSITIVE,0,CURATED_SEED_NEEDS_DOMAIN_REVIEW,0.72,SRC_CURATED_V1;SRC_ACE_LIBRARY;SRC_FREE_EX_DB,"Scores are heuristic ranking metadata for software/AI, not medical or clinical guidance."
ASSISTED_PULL_UP,Assisted Pull-Up,Pull-Up,PULL_UP,Resistance,RESISTANCE,Upper Body,Back,VERTICAL_PULL,Sagittal,Compound,Pull,Bilateral,Hanging,ASSISTED_REPS,Beginner,1,3,4,2,4,4,1,3,1,1,1,1,0,STANDARD,0,CURATED_SEED_NEEDS_DOMAIN_REVIEW,0.8,SRC_CURATED_V1;SRC_ACE_LIBRARY;SRC_FREE_EX_DB,"Scores are heuristic ranking metadata for software/AI, not medical or clinical guidance."
LAT_PULLDOWN,Lat Pulldown,Lat Pulldown,,Resistance,RESISTANCE,Upper Body,Back,VERTICAL_PULL,Sagittal,Compound,Pull,Bilateral,Seated,WEIGHT_REPS,Beginner,1,2,4,2,4,4,1,3,1,1,1,1,0,STANDARD,0,CURATED_SEED_NEEDS_DOMAIN_REVIEW,0.8,SRC_CURATED_V1;SRC_ACE_LIBRARY;SRC_FREE_EX_DB,"Scores are heuristic ranking metadata for software/AI, not medical or clinical guidance."
CLOSE_GRIP_LAT_PULLDOWN,Close-Grip Lat Pulldown,Lat Pulldown,LAT_PULLDOWN,Resistance,RESISTANCE,Upper Body,Back,VERTICAL_PULL,Sagittal,Compound,Pull,Bilateral,Seated,WEIGHT_REPS,Beginner,1,2,4,2,4,4,1,3,1,1,1,1,0,STANDARD,0,CURATED_SEED_NEEDS_DOMAIN_REVIEW,0.8,SRC_CURATED_V1;SRC_ACE_LIBRARY;SRC_FREE_EX_DB,"Scores are heuristic ranking metadata for software/AI, not medical or clinical guidance."
NEUTRAL_GRIP_LAT_PULLDOWN,Neutral-Grip Lat Pulldown,Lat Pulldown,LAT_PULLDOWN,Resistance,RESISTANCE,Upper Body,Back,VERTICAL_PULL,Sagittal,Compound,Pull,Bilateral,Seated,WEIGHT_REPS,Beginner,1,2,4,2,4,4,1,3,1,1,1,1,0,STANDARD,0,CURATED_SEED_NEEDS_DOMAIN_REVIEW,0.8,SRC_CURATED_V1;SRC_ACE_LIBRARY;SRC_FREE_EX_DB,"Scores are heuristic ranking metadata for software/AI, not medical or clinical guidance."
SINGLE_ARM_LAT_PULLDOWN,Single-Arm Lat Pulldown,Lat Pulldown,LAT_PULLDOWN,Resistance,RESISTANCE,Upper Body,Back,VERTICAL_PULL,Sagittal,Compound,Pull,Unilateral,Kneeling,WEIGHT_REPS,Intermediate,3,3,4,4,4,4,1,3,1,0,1,1,0,STANDARD,0,CURATED_SEED_NEEDS_DOMAIN_REVIEW,0.8,SRC_CURATED_V1;SRC_ACE_LIBRARY;SRC_FREE_EX_DB,"Scores are heuristic ranking metadata for software/AI, not medical or clinical guidance."
STRAIGHT_ARM_PULLDOWN,Straight-Arm Pulldown,Pulldown,PULLDOWN,Resistance,RESISTANCE,Upper Body,Back,SHOULDER_EXTENSION,Sagittal,Isolation,Pull,Bilateral,Standing,WEIGHT_REPS,Beginner,1,1,2,4,5,2,1,3,1,1,1,1,0,STANDARD,0,CURATED_SEED_NEEDS_DOMAIN_REVIEW,0.8,SRC_CURATED_V1;SRC_ACE_LIBRARY;SRC_FREE_EX_DB,"Scores are heuristic ranking metadata for software/AI, not medical or clinical guidance."
BARBELL_BENT_OVER_ROW,Barbell Bent-Over Row,Row,ROW,Resistance,RESISTANCE,Upper Body,Back,HORIZONTAL_PULL,Transverse,Compound,Pull,Bilateral,Standing,WEIGHT_REPS,Intermediate,3,3,4,5,4,4,1,3,1,0,1,1,0,STANDARD,0,CURATED_SEED_NEEDS_DOMAIN_REVIEW,0.8,SRC_CURATED_V1;SRC_ACE_LIBRARY;SRC_FREE_EX_DB,"Scores are heuristic ranking metadata for software/AI, not medical or clinical guidance."
PENDLAY_ROW,Pendlay Row,Row,ROW,Resistance,RESISTANCE,Upper Body,Back,HORIZONTAL_PULL,Transverse,Compound,Pull,Bilateral,Standing,WEIGHT_REPS,Advanced,5,3,4,5,4,4,1,3,1,0,1,1,1,TECHNIQUE_SENSITIVE,0,CURATED_SEED_NEEDS_DOMAIN_REVIEW,0.72,SRC_CURATED_V1;SRC_ACE_LIBRARY;SRC_FREE_EX_DB,"Scores are heuristic ranking metadata for software/AI, not medical or clinical guidance."
UNDERHAND_BARBELL_ROW,Underhand Barbell Row,Row,ROW,Resistance,RESISTANCE,Upper Body,Back,HORIZONTAL_PULL,Transverse,Compound,Pull,Bilateral,Standing,WEIGHT_REPS,Intermediate,3,3,4,5,4,4,1,3,1,0,1,1,0,STANDARD,0,CURATED_SEED_NEEDS_DOMAIN_REVIEW,0.8,SRC_CURATED_V1;SRC_ACE_LIBRARY;SRC_FREE_EX_DB,"Scores are heuristic ranking metadata for software/AI, not medical or clinical guidance."
DUMBBELL_ROW,Dumbbell Row,Row,ROW,Resistance,RESISTANCE,Upper Body,Back,HORIZONTAL_PULL,Transverse,Compound,Pull,Unilateral,Supported,WEIGHT_REPS,Beginner,1,3,4,4,4,4,1,3,1,1,1,1,0,STANDARD,0,CURATED_SEED_NEEDS_DOMAIN_REVIEW,0.8,SRC_CURATED_V1;SRC_ACE_LIBRARY;SRC_FREE_EX_DB,"Scores are heuristic ranking metadata for software/AI, not medical or clinical guidance."
CHEST_SUPPORTED_DUMBBELL_ROW,Chest-Supported Dumbbell Row,Row,ROW,Resistance,RESISTANCE,Upper Body,Back,HORIZONTAL_PULL,Transverse,Compound,Pull,Bilateral,Prone,WEIGHT_REPS,Beginner,1,3,4,4,4,4,1,3,1,1,1,1,0,STANDARD,0,CURATED_SEED_NEEDS_DOMAIN_REVIEW,0.8,SRC_CURATED_V1;SRC_ACE_LIBRARY;SRC_FREE_EX_DB,"Scores are heuristic ranking metadata for software/AI, not medical or clinical guidance."
SEAL_ROW,Seal Row,Row,ROW,Resistance,RESISTANCE,Upper Body,Back,HORIZONTAL_PULL,Transverse,Compound,Pull,Bilateral,Prone,WEIGHT_REPS,Intermediate,3,3,4,5,4,4,1,3,1,0,1,1,0,STANDARD,0,CURATED_SEED_NEEDS_DOMAIN_REVIEW,0.8,SRC_CURATED_V1;SRC_ACE_LIBRARY;SRC_FREE_EX_DB,"Scores are heuristic ranking metadata for software/AI, not medical or clinical guidance."
T_BAR_ROW,T-Bar Row,Row,ROW,Resistance,RESISTANCE,Upper Body,Back,HORIZONTAL_PULL,Transverse,Compound,Pull,Bilateral,Standing,WEIGHT_REPS,Intermediate,3,3,4,5,4,4,1,3,1,0,1,1,0,STANDARD,0,CURATED_SEED_NEEDS_DOMAIN_REVIEW,0.8,SRC_CURATED_V1;SRC_ACE_LIBRARY;SRC_FREE_EX_DB,"Scores are heuristic ranking metadata for software/AI, not medical or clinical guidance."
CHEST_SUPPORTED_T_BAR_ROW,Chest-Supported T-Bar Row,Row,ROW,Resistance,RESISTANCE,Upper Body,Back,HORIZONTAL_PULL,Transverse,Compound,Pull,Bilateral,Supported,WEIGHT_REPS,Beginner,1,2,4,5,4,4,1,3,1,1,1,1,0,STANDARD,0,CURATED_SEED_NEEDS_DOMAIN_REVIEW,0.8,SRC_CURATED_V1;SRC_ACE_LIBRARY;SRC_FREE_EX_DB,"Scores are heuristic ranking metadata for software/AI, not medical or clinical guidance."
MEADOWS_ROW,Meadows Row,Row,ROW,Resistance,RESISTANCE,Upper Body,Back,HORIZONTAL_PULL,Transverse,Compound,Pull,Unilateral,Standing,WEIGHT_REPS,Advanced,5,3,4,5,4,4,1,3,1,0,1,1,1,TECHNIQUE_SENSITIVE,0,CURATED_SEED_NEEDS_DOMAIN_REVIEW,0.72,SRC_CURATED_V1;SRC_ACE_LIBRARY;SRC_FREE_EX_DB,"Scores are heuristic ranking metadata for software/AI, not medical or clinical guidance."
SEATED_CABLE_ROW,Seated Cable Row,Row,ROW,Resistance,RESISTANCE,Upper Body,Back,HORIZONTAL_PULL,Transverse,Compound,Pull,Bilateral,Seated,WEIGHT_REPS,Beginner,1,3,4,4,4,4,1,3,1,1,1,1,0,STANDARD,0,CURATED_SEED_NEEDS_DOMAIN_REVIEW,0.8,SRC_CURATED_V1;SRC_ACE_LIBRARY;SRC_FREE_EX_DB,"Scores are heuristic ranking metadata for software/AI, not medical or clinical guidance."
WIDE_GRIP_SEATED_CABLE_ROW,Wide-Grip Seated Cable Row,Row,ROW,Resistance,RESISTANCE,Upper Body,Back,HORIZONTAL_PULL,Transverse,Compound,Pull,Bilateral,Seated,WEIGHT_REPS,Intermediate,3,3,4,4,4,4,1,3,1,0,1,1,0,STANDARD,0,CURATED_SEED_NEEDS_DOMAIN_REVIEW,0.8,SRC_CURATED_V1;SRC_ACE_LIBRARY;SRC_FREE_EX_DB,"Scores are heuristic ranking metadata for software/AI, not medical or clinical guidance."
SINGLE_ARM_SEATED_CABLE_ROW,Single-Arm Seated Cable Row,Row,ROW,Resistance,RESISTANCE,Upper Body,Back,HORIZONTAL_PULL,Transverse,Compound,Pull,Unilateral,Seated,WEIGHT_REPS,Beginner,1,3,4,4,4,4,1,3,1,1,1,1,0,STANDARD,0,CURATED_SEED_NEEDS_DOMAIN_REVIEW,0.8,SRC_CURATED_V1;SRC_ACE_LIBRARY;SRC_FREE_EX_DB,"Scores are heuristic ranking metadata for software/AI, not medical or clinical guidance."
MACHINE_SEATED_ROW,Machine Seated Row,Row,ROW,Resistance,RESISTANCE,Upper Body,Back,HORIZONTAL_PULL,Transverse,Compound,Pull,Bilateral,Seated,WEIGHT_REPS,Beginner,1,2,4,2,4,4,1,3,1,1,1,1,0,STANDARD,0,CURATED_SEED_NEEDS_DOMAIN_REVIEW,0.8,SRC_CURATED_V1;SRC_ACE_LIBRARY;SRC_FREE_EX_DB,"Scores are heuristic ranking metadata for software/AI, not medical or clinical guidance."
SINGLE_ARM_MACHINE_ROW,Single-Arm Machine Row,Row,ROW,Resistance,RESISTANCE,Upper Body,Back,HORIZONTAL_PULL,Transverse,Compound,Pull,Unilateral,Seated,WEIGHT_REPS,Beginner,1,2,4,5,4,4,1,3,1,1,1,1,0,STANDARD,0,CURATED_SEED_NEEDS_DOMAIN_REVIEW,0.8,SRC_CURATED_V1;SRC_ACE_LIBRARY;SRC_FREE_EX_DB,"Scores are heuristic ranking metadata for software/AI, not medical or clinical guidance."
INVERTED_ROW,Inverted Row,Row,ROW,Resistance,RESISTANCE,Upper Body,Back,HORIZONTAL_PULL,Transverse,Compound,Pull,Bilateral,Supine,REPS_ONLY,Beginner,1,3,4,2,4,4,1,3,1,1,1,1,0,STANDARD,0,CURATED_SEED_NEEDS_DOMAIN_REVIEW,0.8,SRC_CURATED_V1;SRC_ACE_LIBRARY;SRC_FREE_EX_DB,"Scores are heuristic ranking metadata for software/AI, not medical or clinical guidance."
SUSPENSION_ROW,Suspension Row,Row,ROW,Resistance,RESISTANCE,Upper Body,Back,HORIZONTAL_PULL,Transverse,Compound,Pull,Bilateral,Supine,REPS_ONLY,Beginner,1,3,4,2,4,4,1,3,1,1,1,1,0,STANDARD,0,CURATED_SEED_NEEDS_DOMAIN_REVIEW,0.8,SRC_CURATED_V1;SRC_ACE_LIBRARY;SRC_FREE_EX_DB,"Scores are heuristic ranking metadata for software/AI, not medical or clinical guidance."
FACE_PULL,Face Pull,Face Pull,,Resistance,RESISTANCE,Upper Body,Shoulders,SCAPULAR_RETRACTION,Sagittal,Compound,Pull,Bilateral,Standing,WEIGHT_REPS,Beginner,1,3,4,4,4,4,1,3,1,1,1,1,0,STANDARD,0,CURATED_SEED_NEEDS_DOMAIN_REVIEW,0.8,SRC_CURATED_V1;SRC_ACE_LIBRARY;SRC_FREE_EX_DB,"Scores are heuristic ranking metadata for software/AI, not medical or clinical guidance."
BAND_FACE_PULL,Band Face Pull,Face Pull,FACE_PULL,Resistance,RESISTANCE,Upper Body,Shoulders,SCAPULAR_RETRACTION,Sagittal,Compound,Pull,Bilateral,Standing,REPS_ONLY,Beginner,1,3,4,2,4,4,1,3,1,1,1,1,0,STANDARD,0,CURATED_SEED_NEEDS_DOMAIN_REVIEW,0.8,SRC_CURATED_V1;SRC_ACE_LIBRARY;SRC_FREE_EX_DB,"Scores are heuristic ranking metadata for software/AI, not medical or clinical guidance."
REVERSE_PEC_DECK,Reverse Pec Deck,Rear Delt Fly,REAR_DELT_FLY,Resistance,RESISTANCE,Upper Body,Shoulders,HORIZONTAL_PULL,Transverse,Isolation,Pull,Bilateral,Seated,REPS_ONLY,Beginner,1,1,2,2,5,2,1,3,1,1,1,1,0,STANDARD,0,CURATED_SEED_NEEDS_DOMAIN_REVIEW,0.8,SRC_CURATED_V1;SRC_ACE_LIBRARY;SRC_FREE_EX_DB,"Scores are heuristic ranking metadata for software/AI, not medical or clinical guidance."
CABLE_REAR_DELT_FLY,Cable Rear-Delt Fly,Rear Delt Fly,REAR_DELT_FLY,Resistance,RESISTANCE,Upper Body,Shoulders,HORIZONTAL_PULL,Transverse,Isolation,Pull,Bilateral,Standing,WEIGHT_REPS,Beginner,1,1,2,4,5,2,1,3,1,1,1,1,0,STANDARD,0,CURATED_SEED_NEEDS_DOMAIN_REVIEW,0.8,SRC_CURATED_V1;SRC_ACE_LIBRARY;SRC_FREE_EX_DB,"Scores are heuristic ranking metadata for software/AI, not medical or clinical guidance."
DUMBBELL_REAR_DELT_FLY,Dumbbell Rear-Delt Fly,Rear Delt Fly,REAR_DELT_FLY,Resistance,RESISTANCE,Upper Body,Shoulders,HORIZONTAL_PULL,Transverse,Isolation,Pull,Bilateral,Standing,WEIGHT_REPS,Beginner,1,3,2,4,5,2,1,3,1,1,1,1,0,STANDARD,0,CURATED_SEED_NEEDS_DOMAIN_REVIEW,0.8,SRC_CURATED_V1;SRC_ACE_LIBRARY;SRC_FREE_EX_DB,"Scores are heuristic ranking metadata for software/AI, not medical or clinical guidance."
BARBELL_SHRUG,Barbell Shrug,Shrug,SHRUG,Resistance,RESISTANCE,Upper Body,Back,SCAPULAR_ELEVATION,Sagittal,Isolation,Pull,Bilateral,Standing,WEIGHT_REPS,Beginner,1,1,2,5,5,2,1,3,1,1,1,1,0,STANDARD,0,CURATED_SEED_NEEDS_DOMAIN_REVIEW,0.8,SRC_CURATED_V1;SRC_ACE_LIBRARY;SRC_FREE_EX_DB,"Scores are heuristic ranking metadata for software/AI, not medical or clinical guidance."
DUMBBELL_SHRUG,Dumbbell Shrug,Shrug,SHRUG,Resistance,RESISTANCE,Upper Body,Back,SCAPULAR_ELEVATION,Sagittal,Isolation,Pull,Bilateral,Standing,WEIGHT_REPS,Beginner,1,3,2,4,5,2,1,3,1,1,1,1,0,STANDARD,0,CURATED_SEED_NEEDS_DOMAIN_REVIEW,0.8,SRC_CURATED_V1;SRC_ACE_LIBRARY;SRC_FREE_EX_DB,"Scores are heuristic ranking metadata for software/AI, not medical or clinical guidance."
TRAP_BAR_SHRUG,Trap-Bar Shrug,Shrug,SHRUG,Resistance,RESISTANCE,Upper Body,Back,SCAPULAR_ELEVATION,Sagittal,Isolation,Pull,Bilateral,Standing,WEIGHT_REPS,Beginner,1,1,2,5,5,2,1,3,1,1,1,1,0,STANDARD,0,CURATED_SEED_NEEDS_DOMAIN_REVIEW,0.8,SRC_CURATED_V1;SRC_ACE_LIBRARY;SRC_FREE_EX_DB,"Scores are heuristic ranking metadata for software/AI, not medical or clinical guidance."
CABLE_SHRUG,Cable Shrug,Shrug,SHRUG,Resistance,RESISTANCE,Upper Body,Back,SCAPULAR_ELEVATION,Sagittal,Isolation,Pull,Bilateral,Standing,WEIGHT_REPS,Beginner,1,1,2,4,5,2,1,3,1,1,1,1,0,STANDARD,0,CURATED_SEED_NEEDS_DOMAIN_REVIEW,0.8,SRC_CURATED_V1;SRC_ACE_LIBRARY;SRC_FREE_EX_DB,"Scores are heuristic ranking metadata for software/AI, not medical or clinical guidance."
RACK_PULL,Rack Pull,Deadlift,DEADLIFT,Resistance,RESISTANCE,Upper Body,Back,HIP_HINGE,Sagittal,Compound,Pull,Bilateral,Standing,WEIGHT_REPS,Advanced,5,3,5,5,4,4,1,3,1,0,1,1,1,TECHNIQUE_SENSITIVE,0,CURATED_SEED_NEEDS_DOMAIN_REVIEW,0.72,SRC_CURATED_V1;SRC_ACE_LIBRARY;SRC_FREE_EX_DB,"Scores are heuristic ranking metadata for software/AI, not medical or clinical guidance."
CONVENTIONAL_DEADLIFT,Conventional Deadlift,Deadlift,DEADLIFT,Resistance,RESISTANCE,Upper Body,Back,HIP_HINGE,Sagittal,Compound,Pull,Bilateral,Standing,WEIGHT_REPS,Advanced,5,3,5,5,4,4,1,3,1,0,1,1,1,TECHNIQUE_SENSITIVE,0,CURATED_SEED_NEEDS_DOMAIN_REVIEW,0.72,SRC_CURATED_V1;SRC_ACE_LIBRARY;SRC_FREE_EX_DB,"Scores are heuristic ranking metadata for software/AI, not medical or clinical guidance."
SUMO_DEADLIFT,Sumo Deadlift,Deadlift,DEADLIFT,Resistance,RESISTANCE,Lower Body,Glutes,HIP_HINGE,Sagittal,Compound,Pull,Bilateral,Standing,WEIGHT_REPS,Advanced,5,3,5,5,4,4,1,3,1,0,1,1,1,TECHNIQUE_SENSITIVE,0,CURATED_SEED_NEEDS_DOMAIN_REVIEW,0.72,SRC_CURATED_V1;SRC_ACE_LIBRARY;SRC_FREE_EX_DB,"Scores are heuristic ranking metadata for software/AI, not medical or clinical guidance."
TRAP_BAR_DEADLIFT,Trap-Bar Deadlift,Deadlift,DEADLIFT,Resistance,RESISTANCE,Lower Body,Glutes,HIP_HINGE,Sagittal,Compound,Pull,Bilateral,Standing,WEIGHT_REPS,Intermediate,3,3,5,5,4,4,1,3,1,0,1,1,0,STANDARD,0,CURATED_SEED_NEEDS_DOMAIN_REVIEW,0.8,SRC_CURATED_V1;SRC_ACE_LIBRARY;SRC_FREE_EX_DB,"Scores are heuristic ranking metadata for software/AI, not medical or clinical guidance."
ROMANIAN_DEADLIFT,Romanian Deadlift,Romanian Deadlift,,Resistance,RESISTANCE,Lower Body,Hamstrings,HIP_HINGE,Sagittal,Compound,Pull,Bilateral,Standing,WEIGHT_REPS,Intermediate,3,3,5,5,4,4,1,3,1,0,1,1,0,STANDARD,0,CURATED_SEED_NEEDS_DOMAIN_REVIEW,0.8,SRC_CURATED_V1;SRC_ACE_LIBRARY;SRC_FREE_EX_DB,"Scores are heuristic ranking metadata for software/AI, not medical or clinical guidance."
DUMBBELL_ROMANIAN_DEADLIFT,Dumbbell Romanian Deadlift,Romanian Deadlift,ROMANIAN_DEADLIFT,Resistance,RESISTANCE,Lower Body,Hamstrings,HIP_HINGE,Sagittal,Compound,Pull,Bilateral,Standing,WEIGHT_REPS,Beginner,1,3,5,4,4,4,1,3,1,1,1,1,0,STANDARD,0,CURATED_SEED_NEEDS_DOMAIN_REVIEW,0.8,SRC_CURATED_V1;SRC_ACE_LIBRARY;SRC_FREE_EX_DB,"Scores are heuristic ranking metadata for software/AI, not medical or clinical guidance."
SINGLE_LEG_ROMANIAN_DEADLIFT,Single-Leg Romanian Deadlift,Romanian Deadlift,ROMANIAN_DEADLIFT,Resistance,RESISTANCE,Lower Body,Hamstrings,HIP_HINGE,Sagittal,Compound,Pull,Unilateral,Standing,WEIGHT_REPS,Intermediate,3,3,5,4,4,4,1,3,1,0,1,1,0,STANDARD,0,CURATED_SEED_NEEDS_DOMAIN_REVIEW,0.8,SRC_CURATED_V1;SRC_ACE_LIBRARY;SRC_FREE_EX_DB,"Scores are heuristic ranking metadata for software/AI, not medical or clinical guidance."
GOOD_MORNING,Good Morning,Good Morning,,Resistance,RESISTANCE,Lower Body,Hamstrings,HIP_HINGE,Sagittal,Compound,Pull,Bilateral,Standing,WEIGHT_REPS,Advanced,5,3,5,5,4,4,1,3,1,0,1,1,1,TECHNIQUE_SENSITIVE,0,CURATED_SEED_NEEDS_DOMAIN_REVIEW,0.72,SRC_CURATED_V1;SRC_ACE_LIBRARY;SRC_FREE_EX_DB,"Scores are heuristic ranking metadata for software/AI, not medical or clinical guidance."
45_DEGREE_BACK_EXTENSION,45-Degree Back Extension,Back Extension,BACK_EXTENSION,Resistance,RESISTANCE,Trunk,Lower Back,SPINAL_EXTENSION,Sagittal,Compound,Mixed,Bilateral,Prone,BODYWEIGHT_REPS,Beginner,1,3,4,2,4,4,1,3,1,1,1,1,0,STANDARD,0,CURATED_SEED_NEEDS_DOMAIN_REVIEW,0.8,SRC_CURATED_V1;SRC_ACE_LIBRARY;SRC_FREE_EX_DB,"Scores are heuristic ranking metadata for software/AI, not medical or clinical guidance."
WEIGHTED_BACK_EXTENSION,Weighted Back Extension,Back Extension,BACK_EXTENSION,Resistance,RESISTANCE,Trunk,Lower Back,SPINAL_EXTENSION,Sagittal,Compound,Mixed,Bilateral,Prone,WEIGHT_REPS,Intermediate,3,3,4,2,4,4,1,3,1,0,1,1,0,STANDARD,0,CURATED_SEED_NEEDS_DOMAIN_REVIEW,0.8,SRC_CURATED_V1;SRC_ACE_LIBRARY;SRC_FREE_EX_DB,"Scores are heuristic ranking metadata for software/AI, not medical or clinical guidance."
STANDING_BARBELL_OVERHEAD_PRESS,Standing Barbell Overhead Press,Overhead Press,OVERHEAD_PRESS,Resistance,RESISTANCE,Upper Body,Shoulders,VERTICAL_PUSH,Sagittal,Compound,Push,Bilateral,Standing,WEIGHT_REPS,Intermediate,3,3,4,5,4,4,1,3,1,0,1,1,0,STANDARD,0,CURATED_SEED_NEEDS_DOMAIN_REVIEW,0.8,SRC_CURATED_V1;SRC_ACE_LIBRARY;SRC_FREE_EX_DB,"Scores are heuristic ranking metadata for software/AI, not medical or clinical guidance."
SEATED_BARBELL_OVERHEAD_PRESS,Seated Barbell Overhead Press,Overhead Press,OVERHEAD_PRESS,Resistance,RESISTANCE,Upper Body,Shoulders,VERTICAL_PUSH,Sagittal,Compound,Push,Bilateral,Seated,WEIGHT_REPS,Intermediate,3,3,4,5,4,4,1,3,1,0,1,1,0,STANDARD,0,CURATED_SEED_NEEDS_DOMAIN_REVIEW,0.8,SRC_CURATED_V1;SRC_ACE_LIBRARY;SRC_FREE_EX_DB,"Scores are heuristic ranking metadata for software/AI, not medical or clinical guidance."
DUMBBELL_SHOULDER_PRESS,Dumbbell Shoulder Press,Overhead Press,OVERHEAD_PRESS,Resistance,RESISTANCE,Upper Body,Shoulders,VERTICAL_PUSH,Sagittal,Compound,Push,Bilateral,Seated,WEIGHT_REPS,Beginner,1,3,4,4,4,4,1,3,1,1,1,1,0,STANDARD,0,CURATED_SEED_NEEDS_DOMAIN_REVIEW,0.8,SRC_CURATED_V1;SRC_ACE_LIBRARY;SRC_FREE_EX_DB,"Scores are heuristic ranking metadata for software/AI, not medical or clinical guidance."
STANDING_DUMBBELL_OVERHEAD_PRESS,Standing Dumbbell Overhead Press,Overhead Press,OVERHEAD_PRESS,Resistance,RESISTANCE,Upper Body,Shoulders,VERTICAL_PUSH,Sagittal,Compound,Push,Bilateral,Standing,WEIGHT_REPS,Intermediate,3,3,4,4,4,4,1,3,1,0,1,1,0,STANDARD,0,CURATED_SEED_NEEDS_DOMAIN_REVIEW,0.8,SRC_CURATED_V1;SRC_ACE_LIBRARY;SRC_FREE_EX_DB,"Scores are heuristic ranking metadata for software/AI, not medical or clinical guidance."
SINGLE_ARM_DUMBBELL_OVERHEAD_PRESS,Single-Arm Dumbbell Overhead Press,Overhead Press,OVERHEAD_PRESS,Resistance,RESISTANCE,Upper Body,Shoulders,VERTICAL_PUSH,Sagittal,Compound,Push,Unilateral,Standing,WEIGHT_REPS,Intermediate,3,3,4,4,4,4,1,3,1,0,1,1,0,STANDARD,0,CURATED_SEED_NEEDS_DOMAIN_REVIEW,0.8,SRC_CURATED_V1;SRC_ACE_LIBRARY;SRC_FREE_EX_DB,"Scores are heuristic ranking metadata for software/AI, not medical or clinical guidance."
ARNOLD_PRESS,Arnold Press,Overhead Press,OVERHEAD_PRESS,Resistance,RESISTANCE,Upper Body,Shoulders,VERTICAL_PUSH,Sagittal,Compound,Push,Bilateral,Seated,WEIGHT_REPS,Intermediate,3,3,4,4,4,4,1,3,1,0,1,1,0,STANDARD,0,CURATED_SEED_NEEDS_DOMAIN_REVIEW,0.8,SRC_CURATED_V1;SRC_ACE_LIBRARY;SRC_FREE_EX_DB,"Scores are heuristic ranking metadata for software/AI, not medical or clinical guidance."
MACHINE_SHOULDER_PRESS,Machine Shoulder Press,Overhead Press,OVERHEAD_PRESS,Resistance,RESISTANCE,Upper Body,Shoulders,VERTICAL_PUSH,Sagittal,Compound,Push,Bilateral,Seated,WEIGHT_REPS,Beginner,1,2,4,2,4,4,1,3,1,1,1,1,0,STANDARD,0,CURATED_SEED_NEEDS_DOMAIN_REVIEW,0.8,SRC_CURATED_V1;SRC_ACE_LIBRARY;SRC_FREE_EX_DB,"Scores are heuristic ranking metadata for software/AI, not medical or clinical guidance."
SMITH_MACHINE_SHOULDER_PRESS,Smith Machine Shoulder Press,Overhead Press,OVERHEAD_PRESS,Resistance,RESISTANCE,Upper Body,Shoulders,VERTICAL_PUSH,Sagittal,Compound,Push,Bilateral,Seated,WEIGHT_REPS,Beginner,1,2,4,5,4,4,1,3,1,1,1,1,0,STANDARD,0,CURATED_SEED_NEEDS_DOMAIN_REVIEW,0.8,SRC_CURATED_V1;SRC_ACE_LIBRARY;SRC_FREE_EX_DB,"Scores are heuristic ranking metadata for software/AI, not medical or clinical guidance."
LANDMINE_PRESS,Landmine Press,Landmine Press,,Resistance,RESISTANCE,Upper Body,Shoulders,VERTICAL_PUSH,Sagittal,Compound,Push,Unilateral,Standing,WEIGHT_REPS,Beginner,1,3,4,5,4,4,1,3,1,1,1,1,0,STANDARD,0,CURATED_SEED_NEEDS_DOMAIN_REVIEW,0.8,SRC_CURATED_V1;SRC_ACE_LIBRARY;SRC_FREE_EX_DB,"Scores are heuristic ranking metadata for software/AI, not medical or clinical guidance."
HALF_KNEELING_LANDMINE_PRESS,Half-Kneeling Landmine Press,Landmine Press,LANDMINE_PRESS,Resistance,RESISTANCE,Upper Body,Shoulders,VERTICAL_PUSH,Sagittal,Compound,Push,Unilateral,Half-Kneeling,WEIGHT_REPS,Beginner,1,3,4,5,4,4,1,3,1,1,1,1,0,STANDARD,0,CURATED_SEED_NEEDS_DOMAIN_REVIEW,0.8,SRC_CURATED_V1;SRC_ACE_LIBRARY;SRC_FREE_EX_DB,"Scores are heuristic ranking metadata for software/AI, not medical or clinical guidance."
DUMBBELL_LATERAL_RAISE,Dumbbell Lateral Raise,Lateral Raise,LATERAL_RAISE,Resistance,RESISTANCE,Upper Body,Shoulders,SHOULDER_ABDUCTION,Frontal,Isolation,Push,Bilateral,Standing,WEIGHT_REPS,Beginner,1,3,2,4,5,2,1,3,1,1,1,1,0,STANDARD,0,CURATED_SEED_NEEDS_DOMAIN_REVIEW,0.8,SRC_CURATED_V1;SRC_ACE_LIBRARY;SRC_FREE_EX_DB,"Scores are heuristic ranking metadata for software/AI, not medical or clinical guidance."
SINGLE_ARM_DUMBBELL_LATERAL_RAISE,Single-Arm Dumbbell Lateral Raise,Lateral Raise,LATERAL_RAISE,Resistance,RESISTANCE,Upper Body,Shoulders,SHOULDER_ABDUCTION,Frontal,Isolation,Push,Unilateral,Standing,WEIGHT_REPS,Beginner,1,3,2,4,5,2,1,3,1,1,1,1,0,STANDARD,0,CURATED_SEED_NEEDS_DOMAIN_REVIEW,0.8,SRC_CURATED_V1;SRC_ACE_LIBRARY;SRC_FREE_EX_DB,"Scores are heuristic ranking metadata for software/AI, not medical or clinical guidance."
CABLE_LATERAL_RAISE,Cable Lateral Raise,Lateral Raise,LATERAL_RAISE,Resistance,RESISTANCE,Upper Body,Shoulders,SHOULDER_ABDUCTION,Frontal,Isolation,Push,Unilateral,Standing,WEIGHT_REPS,Beginner,1,1,2,4,5,2,1,3,1,1,1,1,0,STANDARD,0,CURATED_SEED_NEEDS_DOMAIN_REVIEW,0.8,SRC_CURATED_V1;SRC_ACE_LIBRARY;SRC_FREE_EX_DB,"Scores are heuristic ranking metadata for software/AI, not medical or clinical guidance."
MACHINE_LATERAL_RAISE,Machine Lateral Raise,Lateral Raise,LATERAL_RAISE,Resistance,RESISTANCE,Upper Body,Shoulders,SHOULDER_ABDUCTION,Frontal,Isolation,Push,Bilateral,Seated,WEIGHT_REPS,Beginner,1,1,2,4,5,2,1,3,1,1,1,1,0,STANDARD,0,CURATED_SEED_NEEDS_DOMAIN_REVIEW,0.8,SRC_CURATED_V1;SRC_ACE_LIBRARY;SRC_FREE_EX_DB,"Scores are heuristic ranking metadata for software/AI, not medical or clinical guidance."
LEAN_AWAY_CABLE_LATERAL_RAISE,Lean-Away Cable Lateral Raise,Lateral Raise,LATERAL_RAISE,Resistance,RESISTANCE,Upper Body,Shoulders,SHOULDER_ABDUCTION,Frontal,Isolation,Push,Unilateral,Standing,WEIGHT_REPS,Intermediate,3,1,2,4,5,2,1,3,1,0,1,1,0,STANDARD,0,CURATED_SEED_NEEDS_DOMAIN_REVIEW,0.8,SRC_CURATED_V1;SRC_ACE_LIBRARY;SRC_FREE_EX_DB,"Scores are heuristic ranking metadata for software/AI, not medical or clinical guidance."
DUMBBELL_FRONT_RAISE,Dumbbell Front Raise,Front Raise,FRONT_RAISE,Resistance,RESISTANCE,Upper Body,Shoulders,SHOULDER_FLEXION,Sagittal,Isolation,Push,Bilateral,Standing,WEIGHT_REPS,Beginner,1,3,2,4,5,2,1,3,1,1,1,1,0,STANDARD,0,CURATED_SEED_NEEDS_DOMAIN_REVIEW,0.8,SRC_CURATED_V1;SRC_ACE_LIBRARY;SRC_FREE_EX_DB,"Scores are heuristic ranking metadata for software/AI, not medical or clinical guidance."
CABLE_FRONT_RAISE,Cable Front Raise,Front Raise,FRONT_RAISE,Resistance,RESISTANCE,Upper Body,Shoulders,SHOULDER_FLEXION,Sagittal,Isolation,Push,Unilateral,Standing,WEIGHT_REPS,Beginner,1,1,2,4,5,2,1,3,1,1,1,1,0,STANDARD,0,CURATED_SEED_NEEDS_DOMAIN_REVIEW,0.8,SRC_CURATED_V1;SRC_ACE_LIBRARY;SRC_FREE_EX_DB,"Scores are heuristic ranking metadata for software/AI, not medical or clinical guidance."
PLATE_FRONT_RAISE,Plate Front Raise,Front Raise,FRONT_RAISE,Resistance,RESISTANCE,Upper Body,Shoulders,SHOULDER_FLEXION,Sagittal,Isolation,Push,Bilateral,Standing,WEIGHT_REPS,Beginner,1,1,2,2,5,2,1,3,1,1,1,1,0,STANDARD,0,CURATED_SEED_NEEDS_DOMAIN_REVIEW,0.8,SRC_CURATED_V1;SRC_ACE_LIBRARY;SRC_FREE_EX_DB,"Scores are heuristic ranking metadata for software/AI, not medical or clinical guidance."
CABLE_EXTERNAL_ROTATION,Cable External Rotation,Rotator Cuff Rotation,ROTATOR_CUFF_ROTATION,Resistance,RESISTANCE,Upper Body,Shoulders,SHOULDER_EXTERNAL_ROTATION,Transverse,Isolation,Mixed,Unilateral,Standing,WEIGHT_REPS,Beginner,1,1,2,4,5,2,1,3,1,1,1,1,0,STANDARD,0,CURATED_SEED_NEEDS_DOMAIN_REVIEW,0.8,SRC_CURATED_V1;SRC_ACE_LIBRARY;SRC_FREE_EX_DB,"Scores are heuristic ranking metadata for software/AI, not medical or clinical guidance."
BAND_EXTERNAL_ROTATION,Band External Rotation,Rotator Cuff Rotation,ROTATOR_CUFF_ROTATION,Resistance,RESISTANCE,Upper Body,Shoulders,SHOULDER_EXTERNAL_ROTATION,Transverse,Isolation,Mixed,Unilateral,Standing,REPS_ONLY,Beginner,1,1,2,2,5,2,1,3,1,1,1,1,0,STANDARD,0,CURATED_SEED_NEEDS_DOMAIN_REVIEW,0.8,SRC_CURATED_V1;SRC_ACE_LIBRARY;SRC_FREE_EX_DB,"Scores are heuristic ranking metadata for software/AI, not medical or clinical guidance."
CABLE_INTERNAL_ROTATION,Cable Internal Rotation,Rotator Cuff Rotation,ROTATOR_CUFF_ROTATION,Resistance,RESISTANCE,Upper Body,Shoulders,SHOULDER_INTERNAL_ROTATION,Transverse,Isolation,Mixed,Unilateral,Standing,WEIGHT_REPS,Beginner,1,1,2,4,5,2,1,3,1,1,1,1,0,STANDARD,0,CURATED_SEED_NEEDS_DOMAIN_REVIEW,0.8,SRC_CURATED_V1;SRC_ACE_LIBRARY;SRC_FREE_EX_DB,"Scores are heuristic ranking metadata for software/AI, not medical or clinical guidance."
BAND_PULL_APART,Band Pull-Apart,Band Pull-Apart,,Resistance,RESISTANCE,Upper Body,Shoulders,SCAPULAR_RETRACTION,Sagittal,Isolation,Pull,Bilateral,Standing,REPS_ONLY,Beginner,1,1,2,2,5,2,1,3,1,1,1,1,0,STANDARD,0,CURATED_SEED_NEEDS_DOMAIN_REVIEW,0.8,SRC_CURATED_V1;SRC_ACE_LIBRARY;SRC_FREE_EX_DB,"Scores are heuristic ranking metadata for software/AI, not medical or clinical guidance."
SCAPULAR_WALL_SLIDE,Scapular Wall Slide,Shoulder Mobility,SHOULDER_MOBILITY,Mobility,MOBILITY,Upper Body,Shoulders,MOBILITY,Multi-planar,Isolation,Mixed,Bilateral,Standing,DURATION,Beginner,1,3,2,2,1,1,1,2,1,1,1,1,0,STANDARD,0,CURATED_SEED_NEEDS_DOMAIN_REVIEW,0.8,SRC_CURATED_V1;SRC_ACE_LIBRARY;SRC_FREE_EX_DB,"Scores are heuristic ranking metadata for software/AI, not medical or clinical guidance."
WALL_ANGEL,Wall Angel,Shoulder Mobility,SHOULDER_MOBILITY,Mobility,MOBILITY,Upper Body,Shoulders,MOBILITY,Multi-planar,Isolation,Mixed,Bilateral,Standing,DURATION,Beginner,1,3,2,2,1,1,1,2,1,1,1,1,0,STANDARD,0,CURATED_SEED_NEEDS_DOMAIN_REVIEW,0.8,SRC_CURATED_V1;SRC_ACE_LIBRARY;SRC_FREE_EX_DB,"Scores are heuristic ranking metadata for software/AI, not medical or clinical guidance."
BARBELL_CURL,Barbell Curl,Biceps Curl,BICEPS_CURL,Resistance,RESISTANCE,Upper Body,Biceps,ELBOW_FLEXION,Sagittal,Isolation,Pull,Bilateral,Standing,WEIGHT_REPS,Beginner,1,1,2,5,5,2,1,3,1,1,1,1,0,STANDARD,0,CURATED_SEED_NEEDS_DOMAIN_REVIEW,0.8,SRC_CURATED_V1;SRC_ACE_LIBRARY;SRC_FREE_EX_DB,"Scores are heuristic ranking metadata for software/AI, not medical or clinical guidance."
EZ_BAR_CURL,EZ-Bar Curl,Biceps Curl,BICEPS_CURL,Resistance,RESISTANCE,Upper Body,Biceps,ELBOW_FLEXION,Sagittal,Isolation,Pull,Bilateral,Standing,WEIGHT_REPS,Beginner,1,1,2,2,5,2,1,3,1,1,1,1,0,STANDARD,0,CURATED_SEED_NEEDS_DOMAIN_REVIEW,0.8,SRC_CURATED_V1;SRC_ACE_LIBRARY;SRC_FREE_EX_DB,"Scores are heuristic ranking metadata for software/AI, not medical or clinical guidance."
DUMBBELL_CURL,Dumbbell Curl,Biceps Curl,BICEPS_CURL,Resistance,RESISTANCE,Upper Body,Biceps,ELBOW_FLEXION,Sagittal,Isolation,Pull,Bilateral,Standing,WEIGHT_REPS,Beginner,1,3,2,4,5,2,1,3,1,1,1,1,0,STANDARD,0,CURATED_SEED_NEEDS_DOMAIN_REVIEW,0.8,SRC_CURATED_V1;SRC_ACE_LIBRARY;SRC_FREE_EX_DB,"Scores are heuristic ranking metadata for software/AI, not medical or clinical guidance."
ALTERNATING_DUMBBELL_CURL,Alternating Dumbbell Curl,Biceps Curl,BICEPS_CURL,Resistance,RESISTANCE,Upper Body,Biceps,ELBOW_FLEXION,Sagittal,Isolation,Pull,Alternating,Standing,WEIGHT_REPS,Beginner,1,3,2,4,5,2,1,3,1,1,1,1,0,STANDARD,0,CURATED_SEED_NEEDS_DOMAIN_REVIEW,0.8,SRC_CURATED_V1;SRC_ACE_LIBRARY;SRC_FREE_EX_DB,"Scores are heuristic ranking metadata for software/AI, not medical or clinical guidance."
INCLINE_DUMBBELL_CURL,Incline Dumbbell Curl,Biceps Curl,BICEPS_CURL,Resistance,RESISTANCE,Upper Body,Biceps,ELBOW_FLEXION,Sagittal,Isolation,Pull,Bilateral,Seated,WEIGHT_REPS,Beginner,1,3,2,4,5,2,1,3,1,1,1,1,0,STANDARD,0,CURATED_SEED_NEEDS_DOMAIN_REVIEW,0.8,SRC_CURATED_V1;SRC_ACE_LIBRARY;SRC_FREE_EX_DB,"Scores are heuristic ranking metadata for software/AI, not medical or clinical guidance."
HAMMER_CURL,Hammer Curl,Hammer Curl,,Resistance,RESISTANCE,Upper Body,Biceps,ELBOW_FLEXION,Sagittal,Isolation,Pull,Bilateral,Standing,WEIGHT_REPS,Beginner,1,3,2,4,5,2,1,3,1,1,1,1,0,STANDARD,0,CURATED_SEED_NEEDS_DOMAIN_REVIEW,0.8,SRC_CURATED_V1;SRC_ACE_LIBRARY;SRC_FREE_EX_DB,"Scores are heuristic ranking metadata for software/AI, not medical or clinical guidance."
CROSS_BODY_HAMMER_CURL,Cross-Body Hammer Curl,Hammer Curl,HAMMER_CURL,Resistance,RESISTANCE,Upper Body,Biceps,ELBOW_FLEXION,Sagittal,Isolation,Pull,Alternating,Standing,WEIGHT_REPS,Beginner,1,3,2,4,5,2,1,3,1,1,1,1,0,STANDARD,0,CURATED_SEED_NEEDS_DOMAIN_REVIEW,0.8,SRC_CURATED_V1;SRC_ACE_LIBRARY;SRC_FREE_EX_DB,"Scores are heuristic ranking metadata for software/AI, not medical or clinical guidance."
CABLE_CURL,Cable Curl,Biceps Curl,BICEPS_CURL,Resistance,RESISTANCE,Upper Body,Biceps,ELBOW_FLEXION,Sagittal,Isolation,Pull,Bilateral,Standing,WEIGHT_REPS,Beginner,1,1,2,4,5,2,1,3,1,1,1,1,0,STANDARD,0,CURATED_SEED_NEEDS_DOMAIN_REVIEW,0.8,SRC_CURATED_V1;SRC_ACE_LIBRARY;SRC_FREE_EX_DB,"Scores are heuristic ranking metadata for software/AI, not medical or clinical guidance."
SINGLE_ARM_CABLE_CURL,Single-Arm Cable Curl,Biceps Curl,BICEPS_CURL,Resistance,RESISTANCE,Upper Body,Biceps,ELBOW_FLEXION,Sagittal,Isolation,Pull,Unilateral,Standing,WEIGHT_REPS,Beginner,1,1,2,4,5,2,1,3,1,1,1,1,0,STANDARD,0,CURATED_SEED_NEEDS_DOMAIN_REVIEW,0.8,SRC_CURATED_V1;SRC_ACE_LIBRARY;SRC_FREE_EX_DB,"Scores are heuristic ranking metadata for software/AI, not medical or clinical guidance."
PREACHER_CURL,Preacher Curl,Preacher Curl,,Resistance,RESISTANCE,Upper Body,Biceps,ELBOW_FLEXION,Sagittal,Isolation,Pull,Bilateral,Seated,WEIGHT_REPS,Beginner,1,1,2,2,5,2,1,3,1,1,1,1,0,STANDARD,0,CURATED_SEED_NEEDS_DOMAIN_REVIEW,0.8,SRC_CURATED_V1;SRC_ACE_LIBRARY;SRC_FREE_EX_DB,"Scores are heuristic ranking metadata for software/AI, not medical or clinical guidance."
DUMBBELL_PREACHER_CURL,Dumbbell Preacher Curl,Preacher Curl,PREACHER_CURL,Resistance,RESISTANCE,Upper Body,Biceps,ELBOW_FLEXION,Sagittal,Isolation,Pull,Unilateral,Seated,WEIGHT_REPS,Beginner,1,3,2,4,5,2,1,3,1,1,1,1,0,STANDARD,0,CURATED_SEED_NEEDS_DOMAIN_REVIEW,0.8,SRC_CURATED_V1;SRC_ACE_LIBRARY;SRC_FREE_EX_DB,"Scores are heuristic ranking metadata for software/AI, not medical or clinical guidance."
SPIDER_CURL,Spider Curl,Biceps Curl,BICEPS_CURL,Resistance,RESISTANCE,Upper Body,Biceps,ELBOW_FLEXION,Sagittal,Isolation,Pull,Bilateral,Prone,WEIGHT_REPS,Intermediate,3,3,2,4,5,2,1,3,1,0,1,1,0,STANDARD,0,CURATED_SEED_NEEDS_DOMAIN_REVIEW,0.8,SRC_CURATED_V1;SRC_ACE_LIBRARY;SRC_FREE_EX_DB,"Scores are heuristic ranking metadata for software/AI, not medical or clinical guidance."
CONCENTRATION_CURL,Concentration Curl,Biceps Curl,BICEPS_CURL,Resistance,RESISTANCE,Upper Body,Biceps,ELBOW_FLEXION,Sagittal,Isolation,Pull,Unilateral,Seated,WEIGHT_REPS,Beginner,1,3,2,4,5,2,1,3,1,1,1,1,0,STANDARD,0,CURATED_SEED_NEEDS_DOMAIN_REVIEW,0.8,SRC_CURATED_V1;SRC_ACE_LIBRARY;SRC_FREE_EX_DB,"Scores are heuristic ranking metadata for software/AI, not medical or clinical guidance."
REVERSE_CURL,Reverse Curl,Reverse Curl,,Resistance,RESISTANCE,Upper Body,Forearms,ELBOW_FLEXION,Sagittal,Isolation,Pull,Bilateral,Standing,WEIGHT_REPS,Intermediate,3,1,2,2,5,2,1,3,1,0,1,1,0,STANDARD,0,CURATED_SEED_NEEDS_DOMAIN_REVIEW,0.8,SRC_CURATED_V1;SRC_ACE_LIBRARY;SRC_FREE_EX_DB,"Scores are heuristic ranking metadata for software/AI, not medical or clinical guidance."
WRIST_CURL,Wrist Curl,Wrist Curl,,Resistance,RESISTANCE,Upper Body,Forearms,ELBOW_FLEXION,Sagittal,Isolation,Pull,Bilateral,Seated,WEIGHT_REPS,Beginner,1,3,2,4,5,2,1,3,1,1,1,1,0,STANDARD,0,CURATED_SEED_NEEDS_DOMAIN_REVIEW,0.8,SRC_CURATED_V1;SRC_ACE_LIBRARY;SRC_FREE_EX_DB,"Scores are heuristic ranking metadata for software/AI, not medical or clinical guidance."
REVERSE_WRIST_CURL,Reverse Wrist Curl,Wrist Curl,WRIST_CURL,Resistance,RESISTANCE,Upper Body,Forearms,ELBOW_EXTENSION,Sagittal,Isolation,Mixed,Bilateral,Seated,WEIGHT_REPS,Beginner,1,3,2,4,5,2,1,3,1,1,1,1,0,STANDARD,0,CURATED_SEED_NEEDS_DOMAIN_REVIEW,0.8,SRC_CURATED_V1;SRC_ACE_LIBRARY;SRC_FREE_EX_DB,"Scores are heuristic ranking metadata for software/AI, not medical or clinical guidance."
WRIST_ROLLER,Wrist Roller,Grip / Forearm,GRIP_FOREARM,Resistance,RESISTANCE,Upper Body,Forearms,ELBOW_FLEXION,Sagittal,Isolation,Pull,Bilateral,Standing,REPS_ONLY,Intermediate,3,1,2,2,5,2,1,3,1,0,1,1,0,STANDARD,0,CURATED_SEED_NEEDS_DOMAIN_REVIEW,0.8,SRC_CURATED_V1;SRC_ACE_LIBRARY;SRC_FREE_EX_DB,"Scores are heuristic ranking metadata for software/AI, not medical or clinical guidance."
FARMER_HOLD,Farmer Hold,Grip Hold,GRIP_HOLD,Resistance,RESISTANCE,Upper Body,Forearms,CARRY,Multi-planar,Isometric,Static,Bilateral,Standing,LOAD_DISTANCE,Beginner,1,3,2,4,4,4,1,3,1,1,1,1,0,STANDARD,0,CURATED_SEED_NEEDS_DOMAIN_REVIEW,0.8,SRC_CURATED_V1;SRC_ACE_LIBRARY;SRC_FREE_EX_DB,"Scores are heuristic ranking metadata for software/AI, not medical or clinical guidance."
DEAD_HANG,Dead Hang,Hang,HANG,Resistance,RESISTANCE,Upper Body,Forearms,CARRY,Multi-planar,Isometric,Static,Bilateral,Hanging,LOAD_DISTANCE,Beginner,1,1,2,2,4,4,1,3,1,1,1,1,0,STANDARD,0,CURATED_SEED_NEEDS_DOMAIN_REVIEW,0.8,SRC_CURATED_V1;SRC_ACE_LIBRARY;SRC_FREE_EX_DB,"Scores are heuristic ranking metadata for software/AI, not medical or clinical guidance."
BARBELL_SKULL_CRUSHER,Barbell Skull Crusher,Triceps Extension,TRICEPS_EXTENSION,Resistance,RESISTANCE,Upper Body,Triceps,ELBOW_EXTENSION,Sagittal,Isolation,Mixed,Bilateral,Supine,WEIGHT_REPS,Intermediate,3,1,2,2,5,2,1,3,1,0,1,1,0,STANDARD,0,CURATED_SEED_NEEDS_DOMAIN_REVIEW,0.8,SRC_CURATED_V1;SRC_ACE_LIBRARY;SRC_FREE_EX_DB,"Scores are heuristic ranking metadata for software/AI, not medical or clinical guidance."
DUMBBELL_SKULL_CRUSHER,Dumbbell Skull Crusher,Triceps Extension,TRICEPS_EXTENSION,Resistance,RESISTANCE,Upper Body,Triceps,ELBOW_EXTENSION,Sagittal,Isolation,Mixed,Bilateral,Supine,WEIGHT_REPS,Beginner,1,3,2,4,5,2,1,3,1,1,1,1,0,STANDARD,0,CURATED_SEED_NEEDS_DOMAIN_REVIEW,0.8,SRC_CURATED_V1;SRC_ACE_LIBRARY;SRC_FREE_EX_DB,"Scores are heuristic ranking metadata for software/AI, not medical or clinical guidance."
CABLE_TRICEPS_PUSHDOWN,Cable Triceps Pushdown,Triceps Pushdown,TRICEPS_PUSHDOWN,Resistance,RESISTANCE,Upper Body,Triceps,ELBOW_EXTENSION,Sagittal,Isolation,Mixed,Bilateral,Standing,WEIGHT_REPS,Beginner,1,1,2,4,5,2,1,3,1,1,1,1,0,STANDARD,0,CURATED_SEED_NEEDS_DOMAIN_REVIEW,0.8,SRC_CURATED_V1;SRC_ACE_LIBRARY;SRC_FREE_EX_DB,"Scores are heuristic ranking metadata for software/AI, not medical or clinical guidance."
ROPE_TRICEPS_PUSHDOWN,Rope Triceps Pushdown,Triceps Pushdown,TRICEPS_PUSHDOWN,Resistance,RESISTANCE,Upper Body,Triceps,ELBOW_EXTENSION,Sagittal,Isolation,Mixed,Bilateral,Standing,WEIGHT_REPS,Beginner,1,1,2,4,5,2,1,3,1,1,1,1,0,STANDARD,0,CURATED_SEED_NEEDS_DOMAIN_REVIEW,0.8,SRC_CURATED_V1;SRC_ACE_LIBRARY;SRC_FREE_EX_DB,"Scores are heuristic ranking metadata for software/AI, not medical or clinical guidance."
SINGLE_ARM_CABLE_PUSHDOWN,Single-Arm Cable Pushdown,Triceps Pushdown,TRICEPS_PUSHDOWN,Resistance,RESISTANCE,Upper Body,Triceps,ELBOW_EXTENSION,Sagittal,Isolation,Mixed,Unilateral,Standing,WEIGHT_REPS,Beginner,1,1,2,4,5,2,1,3,1,1,1,1,0,STANDARD,0,CURATED_SEED_NEEDS_DOMAIN_REVIEW,0.8,SRC_CURATED_V1;SRC_ACE_LIBRARY;SRC_FREE_EX_DB,"Scores are heuristic ranking metadata for software/AI, not medical or clinical guidance."
OVERHEAD_CABLE_TRICEPS_EXTENSION,Overhead Cable Triceps Extension,Overhead Triceps Extension,OVERHEAD_TRICEPS_EXTENSION,Resistance,RESISTANCE,Upper Body,Triceps,ELBOW_EXTENSION,Sagittal,Isolation,Mixed,Bilateral,Standing,WEIGHT_REPS,Beginner,1,1,2,4,5,2,1,3,1,1,1,1,0,STANDARD,0,CURATED_SEED_NEEDS_DOMAIN_REVIEW,0.8,SRC_CURATED_V1;SRC_ACE_LIBRARY;SRC_FREE_EX_DB,"Scores are heuristic ranking metadata for software/AI, not medical or clinical guidance."
DUMBBELL_OVERHEAD_TRICEPS_EXTENSION,Dumbbell Overhead Triceps Extension,Overhead Triceps Extension,OVERHEAD_TRICEPS_EXTENSION,Resistance,RESISTANCE,Upper Body,Triceps,ELBOW_EXTENSION,Sagittal,Isolation,Mixed,Bilateral,Seated,WEIGHT_REPS,Beginner,1,3,2,4,5,2,1,3,1,1,1,1,0,STANDARD,0,CURATED_SEED_NEEDS_DOMAIN_REVIEW,0.8,SRC_CURATED_V1;SRC_ACE_LIBRARY;SRC_FREE_EX_DB,"Scores are heuristic ranking metadata for software/AI, not medical or clinical guidance."
SINGLE_ARM_DUMBBELL_OVERHEAD_TRICEPS_EXTENSION,Single-Arm Dumbbell Overhead Triceps Extension,Overhead Triceps Extension,OVERHEAD_TRICEPS_EXTENSION,Resistance,RESISTANCE,Upper Body,Triceps,ELBOW_EXTENSION,Sagittal,Isolation,Mixed,Unilateral,Seated,WEIGHT_REPS,Beginner,1,3,2,4,5,2,1,3,1,1,1,1,0,STANDARD,0,CURATED_SEED_NEEDS_DOMAIN_REVIEW,0.8,SRC_CURATED_V1;SRC_ACE_LIBRARY;SRC_FREE_EX_DB,"Scores are heuristic ranking metadata for software/AI, not medical or clinical guidance."
BENCH_DIP,Bench Dip,Dip,DIP,Resistance,RESISTANCE,Upper Body,Triceps,HORIZONTAL_PUSH,Transverse,Compound,Push,Bilateral,Supported,REPS_ONLY,Beginner,1,3,4,2,4,4,1,3,1,1,1,1,0,STANDARD,0,CURATED_SEED_NEEDS_DOMAIN_REVIEW,0.8,SRC_CURATED_V1;SRC_ACE_LIBRARY;SRC_FREE_EX_DB,"Scores are heuristic ranking metadata for software/AI, not medical or clinical guidance."
PARALLEL_BAR_DIP,Parallel-Bar Dip,Dip,DIP,Resistance,RESISTANCE,Upper Body,Triceps,VERTICAL_PUSH,Sagittal,Compound,Push,Bilateral,Supported,REPS_ONLY,Intermediate,3,3,4,2,4,4,1,3,1,0,1,1,0,STANDARD,0,CURATED_SEED_NEEDS_DOMAIN_REVIEW,0.8,SRC_CURATED_V1;SRC_ACE_LIBRARY;SRC_FREE_EX_DB,"Scores are heuristic ranking metadata for software/AI, not medical or clinical guidance."
WEIGHTED_DIP,Weighted Dip,Dip,DIP,Resistance,RESISTANCE,Upper Body,Triceps,VERTICAL_PUSH,Sagittal,Compound,Push,Bilateral,Supported,WEIGHTED_BODYWEIGHT_REPS,Advanced,5,3,4,2,4,4,1,3,1,0,1,1,1,TECHNIQUE_SENSITIVE,0,CURATED_SEED_NEEDS_DOMAIN_REVIEW,0.72,SRC_CURATED_V1;SRC_ACE_LIBRARY;SRC_FREE_EX_DB,"Scores are heuristic ranking metadata for software/AI, not medical or clinical guidance."
BACK_SQUAT,Back Squat,Squat,SQUAT,Resistance,RESISTANCE,Lower Body,Quadriceps,SQUAT,Sagittal,Compound,Push,Bilateral,Standing,WEIGHT_REPS,Intermediate,3,3,5,5,4,4,1,3,1,0,1,1,0,STANDARD,0,CURATED_SEED_NEEDS_DOMAIN_REVIEW,0.8,SRC_CURATED_V1;SRC_ACE_LIBRARY;SRC_FREE_EX_DB,"Scores are heuristic ranking metadata for software/AI, not medical or clinical guidance."
HIGH_BAR_BACK_SQUAT,High-Bar Back Squat,Squat,SQUAT,Resistance,RESISTANCE,Lower Body,Quadriceps,SQUAT,Sagittal,Compound,Push,Bilateral,Standing,WEIGHT_REPS,Intermediate,3,3,5,5,4,4,1,3,1,0,1,1,0,STANDARD,0,CURATED_SEED_NEEDS_DOMAIN_REVIEW,0.8,SRC_CURATED_V1;SRC_ACE_LIBRARY;SRC_FREE_EX_DB,"Scores are heuristic ranking metadata for software/AI, not medical or clinical guidance."
LOW_BAR_BACK_SQUAT,Low-Bar Back Squat,Squat,SQUAT,Resistance,RESISTANCE,Lower Body,Glutes,SQUAT,Sagittal,Compound,Push,Bilateral,Standing,WEIGHT_REPS,Advanced,5,3,5,5,4,4,1,3,1,0,1,1,1,TECHNIQUE_SENSITIVE,0,CURATED_SEED_NEEDS_DOMAIN_REVIEW,0.72,SRC_CURATED_V1;SRC_ACE_LIBRARY;SRC_FREE_EX_DB,"Scores are heuristic ranking metadata for software/AI, not medical or clinical guidance."
FRONT_SQUAT,Front Squat,Squat,SQUAT,Resistance,RESISTANCE,Lower Body,Quadriceps,SQUAT,Sagittal,Compound,Push,Bilateral,Standing,WEIGHT_REPS,Advanced,5,3,5,5,4,4,1,3,1,0,1,1,1,TECHNIQUE_SENSITIVE,0,CURATED_SEED_NEEDS_DOMAIN_REVIEW,0.72,SRC_CURATED_V1;SRC_ACE_LIBRARY;SRC_FREE_EX_DB,"Scores are heuristic ranking metadata for software/AI, not medical or clinical guidance."
GOBLET_SQUAT,Goblet Squat,Squat,SQUAT,Resistance,RESISTANCE,Lower Body,Quadriceps,SQUAT,Sagittal,Compound,Push,Bilateral,Standing,WEIGHT_REPS,Beginner,1,3,5,4,4,4,1,3,1,1,1,1,0,STANDARD,0,CURATED_SEED_NEEDS_DOMAIN_REVIEW,0.8,SRC_CURATED_V1;SRC_ACE_LIBRARY;SRC_FREE_EX_DB,"Scores are heuristic ranking metadata for software/AI, not medical or clinical guidance."
DUMBBELL_SQUAT,Dumbbell Squat,Squat,SQUAT,Resistance,RESISTANCE,Lower Body,Quadriceps,SQUAT,Sagittal,Compound,Push,Bilateral,Standing,WEIGHT_REPS,Beginner,1,3,5,4,4,4,1,3,1,1,1,1,0,STANDARD,0,CURATED_SEED_NEEDS_DOMAIN_REVIEW,0.8,SRC_CURATED_V1;SRC_ACE_LIBRARY;SRC_FREE_EX_DB,"Scores are heuristic ranking metadata for software/AI, not medical or clinical guidance."
KETTLEBELL_GOBLET_SQUAT,Kettlebell Goblet Squat,Squat,SQUAT,Resistance,RESISTANCE,Lower Body,Quadriceps,SQUAT,Sagittal,Compound,Push,Bilateral,Standing,WEIGHT_REPS,Beginner,1,3,5,4,4,4,1,3,1,1,1,1,0,STANDARD,0,CURATED_SEED_NEEDS_DOMAIN_REVIEW,0.8,SRC_CURATED_V1;SRC_ACE_LIBRARY;SRC_FREE_EX_DB,"Scores are heuristic ranking metadata for software/AI, not medical or clinical guidance."
BOX_SQUAT,Box Squat,Squat,SQUAT,Resistance,RESISTANCE,Lower Body,Glutes,SQUAT,Sagittal,Compound,Push,Bilateral,Standing,WEIGHT_REPS,Intermediate,3,3,5,5,4,4,1,3,1,0,1,1,0,STANDARD,0,CURATED_SEED_NEEDS_DOMAIN_REVIEW,0.8,SRC_CURATED_V1;SRC_ACE_LIBRARY;SRC_FREE_EX_DB,"Scores are heuristic ranking metadata for software/AI, not medical or clinical guidance."
SAFETY_BAR_SQUAT,Safety-Bar Squat,Squat,SQUAT,Resistance,RESISTANCE,Lower Body,Quadriceps,SQUAT,Sagittal,Compound,Push,Bilateral,Standing,REPS_ONLY,Intermediate,3,3,5,2,4,4,1,3,1,0,1,1,0,STANDARD,0,CURATED_SEED_NEEDS_DOMAIN_REVIEW,0.8,SRC_CURATED_V1;SRC_ACE_LIBRARY;SRC_FREE_EX_DB,"Scores are heuristic ranking metadata for software/AI, not medical or clinical guidance."
ZERCHER_SQUAT,Zercher Squat,Squat,SQUAT,Resistance,RESISTANCE,Lower Body,Quadriceps,SQUAT,Sagittal,Compound,Push,Bilateral,Standing,WEIGHT_REPS,Advanced,5,3,5,5,4,4,1,3,1,0,1,1,1,TECHNIQUE_SENSITIVE,0,CURATED_SEED_NEEDS_DOMAIN_REVIEW,0.72,SRC_CURATED_V1;SRC_ACE_LIBRARY;SRC_FREE_EX_DB,"Scores are heuristic ranking metadata for software/AI, not medical or clinical guidance."
HACK_SQUAT_MACHINE,Hack Squat Machine,Squat,SQUAT,Resistance,RESISTANCE,Lower Body,Quadriceps,SQUAT,Sagittal,Compound,Push,Bilateral,Standing,WEIGHT_REPS,Beginner,1,2,5,5,4,4,1,3,1,1,1,1,0,STANDARD,0,CURATED_SEED_NEEDS_DOMAIN_REVIEW,0.8,SRC_CURATED_V1;SRC_ACE_LIBRARY;SRC_FREE_EX_DB,"Scores are heuristic ranking metadata for software/AI, not medical or clinical guidance."
SMITH_MACHINE_SQUAT,Smith Machine Squat,Squat,SQUAT,Resistance,RESISTANCE,Lower Body,Quadriceps,SQUAT,Sagittal,Compound,Push,Bilateral,Standing,WEIGHT_REPS,Beginner,1,2,5,5,4,4,1,3,1,1,1,1,0,STANDARD,0,CURATED_SEED_NEEDS_DOMAIN_REVIEW,0.8,SRC_CURATED_V1;SRC_ACE_LIBRARY;SRC_FREE_EX_DB,"Scores are heuristic ranking metadata for software/AI, not medical or clinical guidance."
LEG_PRESS,Leg Press,Leg Press,,Resistance,RESISTANCE,Lower Body,Quadriceps,SQUAT,Sagittal,Compound,Push,Bilateral,Seated,WEIGHT_REPS,Beginner,1,2,5,5,4,4,1,3,1,1,1,1,0,STANDARD,0,CURATED_SEED_NEEDS_DOMAIN_REVIEW,0.8,SRC_CURATED_V1;SRC_ACE_LIBRARY;SRC_FREE_EX_DB,"Scores are heuristic ranking metadata for software/AI, not medical or clinical guidance."
SINGLE_LEG_PRESS,Single-Leg Press,Leg Press,LEG_PRESS,Resistance,RESISTANCE,Lower Body,Quadriceps,SQUAT,Sagittal,Compound,Push,Unilateral,Seated,WEIGHT_REPS,Beginner,1,2,5,5,4,4,1,3,1,1,1,1,0,STANDARD,0,CURATED_SEED_NEEDS_DOMAIN_REVIEW,0.8,SRC_CURATED_V1;SRC_ACE_LIBRARY;SRC_FREE_EX_DB,"Scores are heuristic ranking metadata for software/AI, not medical or clinical guidance."
BULGARIAN_SPLIT_SQUAT,Bulgarian Split Squat,Split Squat,SPLIT_SQUAT,Resistance,RESISTANCE,Lower Body,Quadriceps,LUNGE,Sagittal,Compound,Push,Unilateral,Standing,WEIGHT_REPS,Intermediate,3,3,4,4,4,4,1,3,1,0,1,1,0,STANDARD,0,CURATED_SEED_NEEDS_DOMAIN_REVIEW,0.8,SRC_CURATED_V1;SRC_ACE_LIBRARY;SRC_FREE_EX_DB,"Scores are heuristic ranking metadata for software/AI, not medical or clinical guidance."
REAR_FOOT_ELEVATED_SPLIT_SQUAT,Rear-Foot-Elevated Split Squat,Split Squat,SPLIT_SQUAT,Resistance,RESISTANCE,Lower Body,Quadriceps,LUNGE,Sagittal,Compound,Push,Unilateral,Standing,REPS_ONLY,Intermediate,3,3,4,2,4,4,1,3,1,0,1,1,0,STANDARD,0,CURATED_SEED_NEEDS_DOMAIN_REVIEW,0.8,SRC_CURATED_V1;SRC_ACE_LIBRARY;SRC_FREE_EX_DB,"Scores are heuristic ranking metadata for software/AI, not medical or clinical guidance."
SPLIT_SQUAT,Split Squat,Split Squat,,Resistance,RESISTANCE,Lower Body,Quadriceps,LUNGE,Sagittal,Compound,Push,Unilateral,Standing,BODYWEIGHT_REPS,Beginner,1,3,4,2,4,4,1,3,1,1,1,1,0,STANDARD,0,CURATED_SEED_NEEDS_DOMAIN_REVIEW,0.8,SRC_CURATED_V1;SRC_ACE_LIBRARY;SRC_FREE_EX_DB,"Scores are heuristic ranking metadata for software/AI, not medical or clinical guidance."
FRONT_FOOT_ELEVATED_SPLIT_SQUAT,Front-Foot-Elevated Split Squat,Split Squat,SPLIT_SQUAT,Resistance,RESISTANCE,Lower Body,Quadriceps,LUNGE,Sagittal,Compound,Push,Unilateral,Standing,WEIGHT_REPS,Intermediate,3,3,4,4,4,4,1,3,1,0,1,1,0,STANDARD,0,CURATED_SEED_NEEDS_DOMAIN_REVIEW,0.8,SRC_CURATED_V1;SRC_ACE_LIBRARY;SRC_FREE_EX_DB,"Scores are heuristic ranking metadata for software/AI, not medical or clinical guidance."
FORWARD_LUNGE,Forward Lunge,Lunge,LUNGE,Resistance,RESISTANCE,Lower Body,Quadriceps,LUNGE,Sagittal,Compound,Push,Alternating,Standing,BODYWEIGHT_REPS,Beginner,1,3,4,2,4,4,1,3,1,1,1,1,0,STANDARD,0,CURATED_SEED_NEEDS_DOMAIN_REVIEW,0.8,SRC_CURATED_V1;SRC_ACE_LIBRARY;SRC_FREE_EX_DB,"Scores are heuristic ranking metadata for software/AI, not medical or clinical guidance."
REVERSE_LUNGE,Reverse Lunge,Lunge,LUNGE,Resistance,RESISTANCE,Lower Body,Glutes,LUNGE,Sagittal,Compound,Push,Alternating,Standing,BODYWEIGHT_REPS,Beginner,1,3,4,2,4,4,1,3,1,1,1,1,0,STANDARD,0,CURATED_SEED_NEEDS_DOMAIN_REVIEW,0.8,SRC_CURATED_V1;SRC_ACE_LIBRARY;SRC_FREE_EX_DB,"Scores are heuristic ranking metadata for software/AI, not medical or clinical guidance."
WALKING_LUNGE,Walking Lunge,Lunge,LUNGE,Resistance,RESISTANCE,Lower Body,Quadriceps,LUNGE,Sagittal,Compound,Push,Alternating,Standing,WEIGHT_REPS,Intermediate,3,3,4,4,4,4,1,3,1,0,1,1,0,STANDARD,0,CURATED_SEED_NEEDS_DOMAIN_REVIEW,0.8,SRC_CURATED_V1;SRC_ACE_LIBRARY;SRC_FREE_EX_DB,"Scores are heuristic ranking metadata for software/AI, not medical or clinical guidance."
LATERAL_LUNGE,Lateral Lunge,Lunge,LUNGE,Resistance,RESISTANCE,Lower Body,Adductors,LUNGE,Sagittal,Compound,Push,Alternating,Standing,BODYWEIGHT_REPS,Intermediate,3,3,4,2,4,4,1,3,1,0,1,1,0,STANDARD,0,CURATED_SEED_NEEDS_DOMAIN_REVIEW,0.8,SRC_CURATED_V1;SRC_ACE_LIBRARY;SRC_FREE_EX_DB,"Scores are heuristic ranking metadata for software/AI, not medical or clinical guidance."
CURTSY_LUNGE,Curtsy Lunge,Lunge,LUNGE,Resistance,RESISTANCE,Lower Body,Glutes,LUNGE,Sagittal,Compound,Push,Alternating,Standing,BODYWEIGHT_REPS,Intermediate,3,3,4,2,4,4,1,3,1,0,1,1,0,STANDARD,0,CURATED_SEED_NEEDS_DOMAIN_REVIEW,0.8,SRC_CURATED_V1;SRC_ACE_LIBRARY;SRC_FREE_EX_DB,"Scores are heuristic ranking metadata for software/AI, not medical or clinical guidance."
STEP_UP,Step-Up,Step-Up,,Resistance,RESISTANCE,Lower Body,Quadriceps,STEP,Sagittal,Compound,Push,Unilateral,Standing,REPS_ONLY,Beginner,1,3,4,2,4,4,1,3,1,1,1,1,0,STANDARD,0,CURATED_SEED_NEEDS_DOMAIN_REVIEW,0.8,SRC_CURATED_V1;SRC_ACE_LIBRARY;SRC_FREE_EX_DB,"Scores are heuristic ranking metadata for software/AI, not medical or clinical guidance."
DUMBBELL_STEP_UP,Dumbbell Step-Up,Step-Up,STEP_UP,Resistance,RESISTANCE,Lower Body,Quadriceps,STEP,Sagittal,Compound,Push,Unilateral,Standing,WEIGHT_REPS,Intermediate,3,3,4,4,4,4,1,3,1,0,1,1,0,STANDARD,0,CURATED_SEED_NEEDS_DOMAIN_REVIEW,0.8,SRC_CURATED_V1;SRC_ACE_LIBRARY;SRC_FREE_EX_DB,"Scores are heuristic ranking metadata for software/AI, not medical or clinical guidance."
LATERAL_STEP_UP,Lateral Step-Up,Step-Up,STEP_UP,Resistance,RESISTANCE,Lower Body,Glutes,STEP,Sagittal,Compound,Push,Unilateral,Standing,REPS_ONLY,Intermediate,3,3,4,2,4,4,1,3,1,0,1,1,0,STANDARD,0,CURATED_SEED_NEEDS_DOMAIN_REVIEW,0.8,SRC_CURATED_V1;SRC_ACE_LIBRARY;SRC_FREE_EX_DB,"Scores are heuristic ranking metadata for software/AI, not medical or clinical guidance."
LEG_EXTENSION,Leg Extension,Leg Extension,,Resistance,RESISTANCE,Lower Body,Quadriceps,KNEE_EXTENSION,Sagittal,Isolation,Push,Bilateral,Seated,WEIGHT_REPS,Beginner,1,1,2,2,5,2,1,3,1,1,1,1,0,STANDARD,0,CURATED_SEED_NEEDS_DOMAIN_REVIEW,0.8,SRC_CURATED_V1;SRC_ACE_LIBRARY;SRC_FREE_EX_DB,"Scores are heuristic ranking metadata for software/AI, not medical or clinical guidance."
SINGLE_LEG_EXTENSION,Single-Leg Extension,Leg Extension,LEG_EXTENSION,Resistance,RESISTANCE,Lower Body,Quadriceps,KNEE_EXTENSION,Sagittal,Isolation,Push,Unilateral,Seated,WEIGHT_REPS,Beginner,1,1,2,2,5,2,1,3,1,1,1,1,0,STANDARD,0,CURATED_SEED_NEEDS_DOMAIN_REVIEW,0.8,SRC_CURATED_V1;SRC_ACE_LIBRARY;SRC_FREE_EX_DB,"Scores are heuristic ranking metadata for software/AI, not medical or clinical guidance."
SISSY_SQUAT,Sissy Squat,Sissy Squat,,Resistance,RESISTANCE,Lower Body,Quadriceps,KNEE_EXTENSION,Sagittal,Compound,Push,Bilateral,Standing,BODYWEIGHT_REPS,Advanced,5,3,4,2,4,4,1,3,1,0,1,1,1,TECHNIQUE_SENSITIVE,0,CURATED_SEED_NEEDS_DOMAIN_REVIEW,0.72,SRC_CURATED_V1;SRC_ACE_LIBRARY;SRC_FREE_EX_DB,"Scores are heuristic ranking metadata for software/AI, not medical or clinical guidance."
NORDIC_HAMSTRING_CURL,Nordic Hamstring Curl,Hamstring Curl,HAMSTRING_CURL,Resistance,RESISTANCE,Lower Body,Hamstrings,KNEE_FLEXION,Sagittal,Compound,Pull,Bilateral,Kneeling,BODYWEIGHT_REPS,Advanced,5,3,4,2,4,4,1,3,1,0,1,1,1,TECHNIQUE_SENSITIVE,0,CURATED_SEED_NEEDS_DOMAIN_REVIEW,0.72,SRC_CURATED_V1;SRC_ACE_LIBRARY;SRC_FREE_EX_DB,"Scores are heuristic ranking metadata for software/AI, not medical or clinical guidance."
SEATED_LEG_CURL,Seated Leg Curl,Hamstring Curl,HAMSTRING_CURL,Resistance,RESISTANCE,Lower Body,Hamstrings,KNEE_FLEXION,Sagittal,Isolation,Pull,Bilateral,Seated,WEIGHT_REPS,Beginner,1,1,2,2,5,2,1,3,1,1,1,1,0,STANDARD,0,CURATED_SEED_NEEDS_DOMAIN_REVIEW,0.8,SRC_CURATED_V1;SRC_ACE_LIBRARY;SRC_FREE_EX_DB,"Scores are heuristic ranking metadata for software/AI, not medical or clinical guidance."
LYING_LEG_CURL,Lying Leg Curl,Hamstring Curl,HAMSTRING_CURL,Resistance,RESISTANCE,Lower Body,Hamstrings,KNEE_FLEXION,Sagittal,Isolation,Pull,Bilateral,Prone,WEIGHT_REPS,Beginner,1,1,2,2,5,2,1,3,1,1,1,1,0,STANDARD,0,CURATED_SEED_NEEDS_DOMAIN_REVIEW,0.8,SRC_CURATED_V1;SRC_ACE_LIBRARY;SRC_FREE_EX_DB,"Scores are heuristic ranking metadata for software/AI, not medical or clinical guidance."
STANDING_SINGLE_LEG_CURL,Standing Single-Leg Curl,Hamstring Curl,HAMSTRING_CURL,Resistance,RESISTANCE,Lower Body,Hamstrings,KNEE_FLEXION,Sagittal,Isolation,Pull,Unilateral,Standing,WEIGHT_REPS,Beginner,1,1,2,2,5,2,1,3,1,1,1,1,0,STANDARD,0,CURATED_SEED_NEEDS_DOMAIN_REVIEW,0.8,SRC_CURATED_V1;SRC_ACE_LIBRARY;SRC_FREE_EX_DB,"Scores are heuristic ranking metadata for software/AI, not medical or clinical guidance."
STABILITY_BALL_LEG_CURL,Stability-Ball Leg Curl,Hamstring Curl,HAMSTRING_CURL,Resistance,RESISTANCE,Lower Body,Hamstrings,KNEE_FLEXION,Sagittal,Compound,Pull,Bilateral,Supine,REPS_ONLY,Intermediate,3,3,4,2,4,4,1,3,1,0,1,1,0,STANDARD,0,CURATED_SEED_NEEDS_DOMAIN_REVIEW,0.8,SRC_CURATED_V1;SRC_ACE_LIBRARY;SRC_FREE_EX_DB,"Scores are heuristic ranking metadata for software/AI, not medical or clinical guidance."
SLIDING_LEG_CURL,Sliding Leg Curl,Hamstring Curl,HAMSTRING_CURL,Resistance,RESISTANCE,Lower Body,Hamstrings,KNEE_FLEXION,Sagittal,Compound,Pull,Bilateral,Supine,BODYWEIGHT_REPS,Intermediate,3,3,4,2,4,4,1,3,1,0,1,1,0,STANDARD,0,CURATED_SEED_NEEDS_DOMAIN_REVIEW,0.8,SRC_CURATED_V1;SRC_ACE_LIBRARY;SRC_FREE_EX_DB,"Scores are heuristic ranking metadata for software/AI, not medical or clinical guidance."
BARBELL_HIP_THRUST,Barbell Hip Thrust,Hip Thrust,HIP_THRUST,Resistance,RESISTANCE,Lower Body,Glutes,HIP_EXTENSION,Sagittal,Compound,Mixed,Bilateral,Seated,WEIGHT_REPS,Intermediate,3,3,4,5,4,4,1,3,1,0,1,1,0,STANDARD,0,CURATED_SEED_NEEDS_DOMAIN_REVIEW,0.8,SRC_CURATED_V1;SRC_ACE_LIBRARY;SRC_FREE_EX_DB,"Scores are heuristic ranking metadata for software/AI, not medical or clinical guidance."
DUMBBELL_HIP_THRUST,Dumbbell Hip Thrust,Hip Thrust,HIP_THRUST,Resistance,RESISTANCE,Lower Body,Glutes,HIP_EXTENSION,Sagittal,Compound,Mixed,Bilateral,Seated,WEIGHT_REPS,Beginner,1,3,4,4,4,4,1,3,1,1,1,1,0,STANDARD,0,CURATED_SEED_NEEDS_DOMAIN_REVIEW,0.8,SRC_CURATED_V1;SRC_ACE_LIBRARY;SRC_FREE_EX_DB,"Scores are heuristic ranking metadata for software/AI, not medical or clinical guidance."
MACHINE_HIP_THRUST,Machine Hip Thrust,Hip Thrust,HIP_THRUST,Resistance,RESISTANCE,Lower Body,Glutes,HIP_EXTENSION,Sagittal,Compound,Mixed,Bilateral,Seated,WEIGHT_REPS,Beginner,1,2,4,2,4,4,1,3,1,1,1,1,0,STANDARD,0,CURATED_SEED_NEEDS_DOMAIN_REVIEW,0.8,SRC_CURATED_V1;SRC_ACE_LIBRARY;SRC_FREE_EX_DB,"Scores are heuristic ranking metadata for software/AI, not medical or clinical guidance."
SINGLE_LEG_HIP_THRUST,Single-Leg Hip Thrust,Hip Thrust,HIP_THRUST,Resistance,RESISTANCE,Lower Body,Glutes,HIP_EXTENSION,Sagittal,Compound,Mixed,Unilateral,Seated,REPS_ONLY,Intermediate,3,3,4,2,4,4,1,3,1,0,1,1,0,STANDARD,0,CURATED_SEED_NEEDS_DOMAIN_REVIEW,0.8,SRC_CURATED_V1;SRC_ACE_LIBRARY;SRC_FREE_EX_DB,"Scores are heuristic ranking metadata for software/AI, not medical or clinical guidance."
GLUTE_BRIDGE,Glute Bridge,Glute Bridge,,Resistance,RESISTANCE,Lower Body,Glutes,HIP_EXTENSION,Sagittal,Compound,Mixed,Bilateral,Supine,BODYWEIGHT_REPS,Beginner,1,3,4,2,4,4,1,3,1,1,1,1,0,STANDARD,0,CURATED_SEED_NEEDS_DOMAIN_REVIEW,0.8,SRC_CURATED_V1;SRC_ACE_LIBRARY;SRC_FREE_EX_DB,"Scores are heuristic ranking metadata for software/AI, not medical or clinical guidance."
SINGLE_LEG_GLUTE_BRIDGE,Single-Leg Glute Bridge,Glute Bridge,GLUTE_BRIDGE,Resistance,RESISTANCE,Lower Body,Glutes,HIP_EXTENSION,Sagittal,Compound,Mixed,Unilateral,Supine,BODYWEIGHT_REPS,Beginner,1,3,4,2,4,4,1,3,1,1,1,1,0,STANDARD,0,CURATED_SEED_NEEDS_DOMAIN_REVIEW,0.8,SRC_CURATED_V1;SRC_ACE_LIBRARY;SRC_FREE_EX_DB,"Scores are heuristic ranking metadata for software/AI, not medical or clinical guidance."
CABLE_PULL_THROUGH,Cable Pull-Through,Hip Hinge,HIP_HINGE,Resistance,RESISTANCE,Lower Body,Glutes,HIP_HINGE,Sagittal,Compound,Pull,Bilateral,Standing,WEIGHT_REPS,Beginner,1,3,5,4,4,4,1,3,1,1,1,1,0,STANDARD,0,CURATED_SEED_NEEDS_DOMAIN_REVIEW,0.8,SRC_CURATED_V1;SRC_ACE_LIBRARY;SRC_FREE_EX_DB,"Scores are heuristic ranking metadata for software/AI, not medical or clinical guidance."
KETTLEBELL_SWING,Kettlebell Swing,Kettlebell Swing,,Power,POWER,Lower Body,Glutes,HIP_HINGE,Sagittal,Compound,Pull,Bilateral,Standing,WEIGHT_REPS,Intermediate,3,3,5,4,3,4,5,2,1,0,1,1,0,TECHNIQUE_SENSITIVE,0,CURATED_SEED_NEEDS_DOMAIN_REVIEW,0.8,SRC_CURATED_V1;SRC_ACE_LIBRARY;SRC_FREE_EX_DB,"Scores are heuristic ranking metadata for software/AI, not medical or clinical guidance."
CABLE_HIP_ABDUCTION,Cable Hip Abduction,Hip Abduction,HIP_ABDUCTION,Resistance,RESISTANCE,Lower Body,Abductors,HIP_ABDUCTION,Frontal,Isolation,Mixed,Unilateral,Standing,WEIGHT_REPS,Beginner,1,1,2,4,5,2,1,3,1,1,1,1,0,STANDARD,0,CURATED_SEED_NEEDS_DOMAIN_REVIEW,0.8,SRC_CURATED_V1;SRC_ACE_LIBRARY;SRC_FREE_EX_DB,"Scores are heuristic ranking metadata for software/AI, not medical or clinical guidance."
MACHINE_HIP_ABDUCTION,Machine Hip Abduction,Hip Abduction,HIP_ABDUCTION,Resistance,RESISTANCE,Lower Body,Abductors,HIP_ABDUCTION,Frontal,Isolation,Mixed,Bilateral,Seated,WEIGHT_REPS,Beginner,1,1,2,4,5,2,1,3,1,1,1,1,0,STANDARD,0,CURATED_SEED_NEEDS_DOMAIN_REVIEW,0.8,SRC_CURATED_V1;SRC_ACE_LIBRARY;SRC_FREE_EX_DB,"Scores are heuristic ranking metadata for software/AI, not medical or clinical guidance."
BAND_LATERAL_WALK,Band Lateral Walk,Band Walk,BAND_WALK,Resistance,RESISTANCE,Lower Body,Abductors,HIP_ABDUCTION,Frontal,Compound,Mixed,Bilateral,Standing,REPS_ONLY,Beginner,1,3,4,2,4,4,1,3,1,1,1,1,0,STANDARD,0,CURATED_SEED_NEEDS_DOMAIN_REVIEW,0.8,SRC_CURATED_V1;SRC_ACE_LIBRARY;SRC_FREE_EX_DB,"Scores are heuristic ranking metadata for software/AI, not medical or clinical guidance."
MONSTER_WALK,Monster Walk,Band Walk,BAND_WALK,Resistance,RESISTANCE,Lower Body,Abductors,HIP_ABDUCTION,Frontal,Compound,Mixed,Bilateral,Standing,REPS_ONLY,Beginner,1,3,4,2,4,4,1,3,1,1,1,1,0,STANDARD,0,CURATED_SEED_NEEDS_DOMAIN_REVIEW,0.8,SRC_CURATED_V1;SRC_ACE_LIBRARY;SRC_FREE_EX_DB,"Scores are heuristic ranking metadata for software/AI, not medical or clinical guidance."
CABLE_HIP_ADDUCTION,Cable Hip Adduction,Hip Adduction,HIP_ADDUCTION,Resistance,RESISTANCE,Lower Body,Adductors,HIP_ADDUCTION,Frontal,Isolation,Mixed,Unilateral,Standing,WEIGHT_REPS,Beginner,1,1,2,4,5,2,1,3,1,1,1,1,0,STANDARD,0,CURATED_SEED_NEEDS_DOMAIN_REVIEW,0.8,SRC_CURATED_V1;SRC_ACE_LIBRARY;SRC_FREE_EX_DB,"Scores are heuristic ranking metadata for software/AI, not medical or clinical guidance."
MACHINE_HIP_ADDUCTION,Machine Hip Adduction,Hip Adduction,HIP_ADDUCTION,Resistance,RESISTANCE,Lower Body,Adductors,HIP_ADDUCTION,Frontal,Isolation,Mixed,Bilateral,Seated,WEIGHT_REPS,Beginner,1,1,2,4,5,2,1,3,1,1,1,1,0,STANDARD,0,CURATED_SEED_NEEDS_DOMAIN_REVIEW,0.8,SRC_CURATED_V1;SRC_ACE_LIBRARY;SRC_FREE_EX_DB,"Scores are heuristic ranking metadata for software/AI, not medical or clinical guidance."
STANDING_CALF_RAISE,Standing Calf Raise,Calf Raise,CALF_RAISE,Resistance,RESISTANCE,Lower Body,Calves,PLANTAR_FLEXION,Sagittal,Isolation,Push,Bilateral,Standing,BODYWEIGHT_REPS,Beginner,1,3,2,2,5,2,1,3,1,1,1,1,0,STANDARD,0,CURATED_SEED_NEEDS_DOMAIN_REVIEW,0.8,SRC_CURATED_V1;SRC_ACE_LIBRARY;SRC_FREE_EX_DB,"Scores are heuristic ranking metadata for software/AI, not medical or clinical guidance."
DUMBBELL_STANDING_CALF_RAISE,Dumbbell Standing Calf Raise,Calf Raise,CALF_RAISE,Resistance,RESISTANCE,Lower Body,Calves,PLANTAR_FLEXION,Sagittal,Isolation,Push,Bilateral,Standing,WEIGHT_REPS,Beginner,1,3,2,4,5,2,1,3,1,1,1,1,0,STANDARD,0,CURATED_SEED_NEEDS_DOMAIN_REVIEW,0.8,SRC_CURATED_V1;SRC_ACE_LIBRARY;SRC_FREE_EX_DB,"Scores are heuristic ranking metadata for software/AI, not medical or clinical guidance."
MACHINE_STANDING_CALF_RAISE,Machine Standing Calf Raise,Calf Raise,CALF_RAISE,Resistance,RESISTANCE,Lower Body,Calves,PLANTAR_FLEXION,Sagittal,Isolation,Push,Bilateral,Standing,WEIGHT_REPS,Beginner,1,1,2,2,5,2,1,3,1,1,1,1,0,STANDARD,0,CURATED_SEED_NEEDS_DOMAIN_REVIEW,0.8,SRC_CURATED_V1;SRC_ACE_LIBRARY;SRC_FREE_EX_DB,"Scores are heuristic ranking metadata for software/AI, not medical or clinical guidance."
SEATED_CALF_RAISE,Seated Calf Raise,Calf Raise,CALF_RAISE,Resistance,RESISTANCE,Lower Body,Calves,PLANTAR_FLEXION,Sagittal,Isolation,Push,Bilateral,Seated,WEIGHT_REPS,Beginner,1,1,2,2,5,2,1,3,1,1,1,1,0,STANDARD,0,CURATED_SEED_NEEDS_DOMAIN_REVIEW,0.8,SRC_CURATED_V1;SRC_ACE_LIBRARY;SRC_FREE_EX_DB,"Scores are heuristic ranking metadata for software/AI, not medical or clinical guidance."
SINGLE_LEG_CALF_RAISE,Single-Leg Calf Raise,Calf Raise,CALF_RAISE,Resistance,RESISTANCE,Lower Body,Calves,PLANTAR_FLEXION,Sagittal,Isolation,Push,Unilateral,Standing,BODYWEIGHT_REPS,Beginner,1,3,2,2,5,2,1,3,1,1,1,1,0,STANDARD,0,CURATED_SEED_NEEDS_DOMAIN_REVIEW,0.8,SRC_CURATED_V1;SRC_ACE_LIBRARY;SRC_FREE_EX_DB,"Scores are heuristic ranking metadata for software/AI, not medical or clinical guidance."
LEG_PRESS_CALF_RAISE,Leg-Press Calf Raise,Calf Raise,CALF_RAISE,Resistance,RESISTANCE,Lower Body,Calves,PLANTAR_FLEXION,Sagittal,Isolation,Push,Bilateral,Seated,WEIGHT_REPS,Beginner,1,1,2,5,5,2,1,3,1,1,1,1,0,STANDARD,0,CURATED_SEED_NEEDS_DOMAIN_REVIEW,0.8,SRC_CURATED_V1;SRC_ACE_LIBRARY;SRC_FREE_EX_DB,"Scores are heuristic ranking metadata for software/AI, not medical or clinical guidance."
TIBIALIS_RAISE,Tibialis Raise,Tibialis Raise,,Resistance,RESISTANCE,Lower Body,Calves,DORSIFLEXION,Sagittal,Isolation,Mixed,Bilateral,Standing,BODYWEIGHT_REPS,Beginner,1,3,2,2,5,2,1,3,1,1,1,1,0,STANDARD,0,CURATED_SEED_NEEDS_DOMAIN_REVIEW,0.8,SRC_CURATED_V1;SRC_ACE_LIBRARY;SRC_FREE_EX_DB,"Scores are heuristic ranking metadata for software/AI, not medical or clinical guidance."
CRUNCH,Crunch,Crunch,,Core,CORE,Trunk,Core,SPINAL_FLEXION,Sagittal,Isolation,Mixed,Bilateral,Supine,BODYWEIGHT_REPS,Beginner,1,3,2,2,5,2,1,3,1,1,1,1,0,STANDARD,0,CURATED_SEED_NEEDS_DOMAIN_REVIEW,0.8,SRC_CURATED_V1;SRC_ACE_LIBRARY;SRC_FREE_EX_DB,"Scores are heuristic ranking metadata for software/AI, not medical or clinical guidance."
CABLE_CRUNCH,Cable Crunch,Crunch,CRUNCH,Core,CORE,Trunk,Core,SPINAL_FLEXION,Sagittal,Isolation,Mixed,Bilateral,Kneeling,WEIGHT_REPS,Beginner,1,1,2,4,5,2,1,3,1,1,1,1,0,STANDARD,0,CURATED_SEED_NEEDS_DOMAIN_REVIEW,0.8,SRC_CURATED_V1;SRC_ACE_LIBRARY;SRC_FREE_EX_DB,"Scores are heuristic ranking metadata for software/AI, not medical or clinical guidance."
MACHINE_CRUNCH,Machine Crunch,Crunch,CRUNCH,Core,CORE,Trunk,Core,SPINAL_FLEXION,Sagittal,Isolation,Mixed,Bilateral,Seated,WEIGHT_REPS,Beginner,1,1,2,4,5,2,1,3,1,1,1,1,0,STANDARD,0,CURATED_SEED_NEEDS_DOMAIN_REVIEW,0.8,SRC_CURATED_V1;SRC_ACE_LIBRARY;SRC_FREE_EX_DB,"Scores are heuristic ranking metadata for software/AI, not medical or clinical guidance."
REVERSE_CRUNCH,Reverse Crunch,Reverse Crunch,,Core,CORE,Trunk,Core,SPINAL_FLEXION,Sagittal,Compound,Mixed,Bilateral,Supine,BODYWEIGHT_REPS,Beginner,1,3,4,2,4,4,1,3,1,1,1,1,0,STANDARD,0,CURATED_SEED_NEEDS_DOMAIN_REVIEW,0.8,SRC_CURATED_V1;SRC_ACE_LIBRARY;SRC_FREE_EX_DB,"Scores are heuristic ranking metadata for software/AI, not medical or clinical guidance."
HANGING_KNEE_RAISE,Hanging Knee Raise,Hanging Leg Raise,HANGING_LEG_RAISE,Core,CORE,Trunk,Core,SPINAL_FLEXION,Sagittal,Compound,Mixed,Bilateral,Hanging,REPS_ONLY,Intermediate,3,3,4,2,4,4,1,3,1,0,1,1,0,STANDARD,0,CURATED_SEED_NEEDS_DOMAIN_REVIEW,0.8,SRC_CURATED_V1;SRC_ACE_LIBRARY;SRC_FREE_EX_DB,"Scores are heuristic ranking metadata for software/AI, not medical or clinical guidance."
HANGING_LEG_RAISE,Hanging Leg Raise,Hanging Leg Raise,,Core,CORE,Trunk,Core,SPINAL_FLEXION,Sagittal,Compound,Mixed,Bilateral,Hanging,REPS_ONLY,Advanced,5,3,4,2,4,4,1,3,1,0,1,1,1,TECHNIQUE_SENSITIVE,0,CURATED_SEED_NEEDS_DOMAIN_REVIEW,0.72,SRC_CURATED_V1;SRC_ACE_LIBRARY;SRC_FREE_EX_DB,"Scores are heuristic ranking metadata for software/AI, not medical or clinical guidance."
CAPTAIN_S_CHAIR_KNEE_RAISE,Captain's Chair Knee Raise,Hanging Leg Raise,HANGING_LEG_RAISE,Core,CORE,Trunk,Core,SPINAL_FLEXION,Sagittal,Compound,Mixed,Bilateral,Supported,REPS_ONLY,Beginner,1,3,4,2,4,4,1,3,1,1,1,1,0,STANDARD,0,CURATED_SEED_NEEDS_DOMAIN_REVIEW,0.8,SRC_CURATED_V1;SRC_ACE_LIBRARY;SRC_FREE_EX_DB,"Scores are heuristic ranking metadata for software/AI, not medical or clinical guidance."
AB_WHEEL_ROLLOUT,Ab Wheel Rollout,Rollout,ROLLOUT,Core,CORE,Trunk,Core,ANTI_EXTENSION,Sagittal,Compound,Mixed,Bilateral,Kneeling,REPS_ONLY,Intermediate,3,3,4,2,4,4,1,3,1,0,1,1,0,STANDARD,0,CURATED_SEED_NEEDS_DOMAIN_REVIEW,0.8,SRC_CURATED_V1;SRC_ACE_LIBRARY;SRC_FREE_EX_DB,"Scores are heuristic ranking metadata for software/AI, not medical or clinical guidance."
BARBELL_ROLLOUT,Barbell Rollout,Rollout,ROLLOUT,Core,CORE,Trunk,Core,ANTI_EXTENSION,Sagittal,Compound,Mixed,Bilateral,Kneeling,WEIGHT_REPS,Advanced,5,3,4,5,4,4,1,3,1,0,1,1,1,TECHNIQUE_SENSITIVE,0,CURATED_SEED_NEEDS_DOMAIN_REVIEW,0.72,SRC_CURATED_V1;SRC_ACE_LIBRARY;SRC_FREE_EX_DB,"Scores are heuristic ranking metadata for software/AI, not medical or clinical guidance."
PLANK,Plank,Plank,,Core,CORE,Trunk,Core,ANTI_EXTENSION,Sagittal,Isometric,Static,Bilateral,Prone,BODYWEIGHT_REPS,Beginner,1,3,2,2,4,4,1,3,1,1,1,1,0,STANDARD,0,CURATED_SEED_NEEDS_DOMAIN_REVIEW,0.8,SRC_CURATED_V1;SRC_ACE_LIBRARY;SRC_FREE_EX_DB,"Scores are heuristic ranking metadata for software/AI, not medical or clinical guidance."
LONG_LEVER_PLANK,Long-Lever Plank,Plank,PLANK,Core,CORE,Trunk,Core,ANTI_EXTENSION,Sagittal,Isometric,Static,Bilateral,Prone,BODYWEIGHT_REPS,Intermediate,3,3,2,2,4,4,1,3,1,0,1,1,0,STANDARD,0,CURATED_SEED_NEEDS_DOMAIN_REVIEW,0.8,SRC_CURATED_V1;SRC_ACE_LIBRARY;SRC_FREE_EX_DB,"Scores are heuristic ranking metadata for software/AI, not medical or clinical guidance."
RKC_PLANK,RKC Plank,Plank,PLANK,Core,CORE,Trunk,Core,ANTI_EXTENSION,Sagittal,Isometric,Static,Bilateral,Prone,BODYWEIGHT_REPS,Intermediate,3,3,2,2,4,4,1,3,1,0,1,1,0,STANDARD,0,CURATED_SEED_NEEDS_DOMAIN_REVIEW,0.8,SRC_CURATED_V1;SRC_ACE_LIBRARY;SRC_FREE_EX_DB,"Scores are heuristic ranking metadata for software/AI, not medical or clinical guidance."
SIDE_PLANK,Side Plank,Side Plank,,Core,CORE,Trunk,Core,ANTI_LATERAL_FLEXION,Sagittal,Isometric,Static,Unilateral,Side-Lying,BODYWEIGHT_REPS,Beginner,1,3,2,2,4,4,1,3,1,1,1,1,0,STANDARD,0,CURATED_SEED_NEEDS_DOMAIN_REVIEW,0.8,SRC_CURATED_V1;SRC_ACE_LIBRARY;SRC_FREE_EX_DB,"Scores are heuristic ranking metadata for software/AI, not medical or clinical guidance."
WEIGHTED_SIDE_PLANK,Weighted Side Plank,Side Plank,SIDE_PLANK,Core,CORE,Trunk,Core,ANTI_LATERAL_FLEXION,Sagittal,Isometric,Static,Unilateral,Side-Lying,WEIGHT_REPS,Intermediate,3,1,2,2,4,4,1,3,1,0,1,1,0,STANDARD,0,CURATED_SEED_NEEDS_DOMAIN_REVIEW,0.8,SRC_CURATED_V1;SRC_ACE_LIBRARY;SRC_FREE_EX_DB,"Scores are heuristic ranking metadata for software/AI, not medical or clinical guidance."
PALLOF_PRESS,Pallof Press,Pallof Press,,Core,CORE,Trunk,Core,ANTI_ROTATION,Sagittal,Isometric,Static,Bilateral,Standing,WEIGHT_REPS,Beginner,1,1,2,4,4,4,1,3,1,1,1,1,0,STANDARD,0,CURATED_SEED_NEEDS_DOMAIN_REVIEW,0.8,SRC_CURATED_V1;SRC_ACE_LIBRARY;SRC_FREE_EX_DB,"Scores are heuristic ranking metadata for software/AI, not medical or clinical guidance."
HALF_KNEELING_PALLOF_PRESS,Half-Kneeling Pallof Press,Pallof Press,PALLOF_PRESS,Core,CORE,Trunk,Core,ANTI_ROTATION,Sagittal,Isometric,Static,Bilateral,Half-Kneeling,WEIGHT_REPS,Beginner,1,1,2,4,4,4,1,3,1,1,1,1,0,STANDARD,0,CURATED_SEED_NEEDS_DOMAIN_REVIEW,0.8,SRC_CURATED_V1;SRC_ACE_LIBRARY;SRC_FREE_EX_DB,"Scores are heuristic ranking metadata for software/AI, not medical or clinical guidance."
DEAD_BUG,Dead Bug,Dead Bug,,Core,CORE,Trunk,Core,ANTI_EXTENSION,Sagittal,Compound,Mixed,Alternating,Supine,BODYWEIGHT_REPS,Beginner,1,3,4,2,4,4,1,3,1,1,1,1,0,STANDARD,0,CURATED_SEED_NEEDS_DOMAIN_REVIEW,0.8,SRC_CURATED_V1;SRC_ACE_LIBRARY;SRC_FREE_EX_DB,"Scores are heuristic ranking metadata for software/AI, not medical or clinical guidance."
BIRD_DOG,Bird Dog,Bird Dog,,Core,CORE,Trunk,Core,ANTI_ROTATION,Sagittal,Compound,Mixed,Alternating,Quadruped,BODYWEIGHT_REPS,Beginner,1,3,4,2,4,4,1,3,1,1,1,1,0,STANDARD,0,CURATED_SEED_NEEDS_DOMAIN_REVIEW,0.8,SRC_CURATED_V1;SRC_ACE_LIBRARY;SRC_FREE_EX_DB,"Scores are heuristic ranking metadata for software/AI, not medical or clinical guidance."
MOUNTAIN_CLIMBER,Mountain Climber,Mountain Climber,,Conditioning,CONDITIONING,Trunk,Core,SPINAL_FLEXION,Sagittal,Compound,Mixed,Alternating,Prone,BODYWEIGHT_REPS,Beginner,1,3,4,2,2,2,3,4,4,1,1,1,0,STANDARD,0,CURATED_SEED_NEEDS_DOMAIN_REVIEW,0.8,SRC_CURATED_V1;SRC_ACE_LIBRARY;SRC_FREE_EX_DB,"Scores are heuristic ranking metadata for software/AI, not medical or clinical guidance."
BICYCLE_CRUNCH,Bicycle Crunch,Crunch,CRUNCH,Core,CORE,Trunk,Core,TRUNK_ROTATION,Transverse,Compound,Mixed,Alternating,Supine,BODYWEIGHT_REPS,Beginner,1,3,4,2,4,4,1,3,1,1,1,1,0,STANDARD,0,CURATED_SEED_NEEDS_DOMAIN_REVIEW,0.8,SRC_CURATED_V1;SRC_ACE_LIBRARY;SRC_FREE_EX_DB,"Scores are heuristic ranking metadata for software/AI, not medical or clinical guidance."
RUSSIAN_TWIST,Russian Twist,Rotation,ROTATION,Core,CORE,Trunk,Core,TRUNK_ROTATION,Transverse,Compound,Mixed,Alternating,Seated,WEIGHT_REPS,Intermediate,3,3,4,2,4,4,1,3,1,0,1,1,0,STANDARD,0,CURATED_SEED_NEEDS_DOMAIN_REVIEW,0.8,SRC_CURATED_V1;SRC_ACE_LIBRARY;SRC_FREE_EX_DB,"Scores are heuristic ranking metadata for software/AI, not medical or clinical guidance."
CABLE_WOOD_CHOP,Cable Wood Chop,Rotation,ROTATION,Core,CORE,Trunk,Core,TRUNK_ROTATION,Transverse,Compound,Mixed,Unilateral,Standing,WEIGHT_REPS,Intermediate,3,3,4,4,4,4,1,3,1,0,1,1,0,STANDARD,0,CURATED_SEED_NEEDS_DOMAIN_REVIEW,0.8,SRC_CURATED_V1;SRC_ACE_LIBRARY;SRC_FREE_EX_DB,"Scores are heuristic ranking metadata for software/AI, not medical or clinical guidance."
CABLE_LIFT,Cable Lift,Rotation,ROTATION,Core,CORE,Trunk,Core,TRUNK_ROTATION,Transverse,Compound,Mixed,Unilateral,Standing,WEIGHT_REPS,Intermediate,3,3,4,4,4,4,1,3,1,0,1,1,0,STANDARD,0,CURATED_SEED_NEEDS_DOMAIN_REVIEW,0.8,SRC_CURATED_V1;SRC_ACE_LIBRARY;SRC_FREE_EX_DB,"Scores are heuristic ranking metadata for software/AI, not medical or clinical guidance."
SUITCASE_CARRY,Suitcase Carry,Carry,CARRY,Functional,FUNCTIONAL,Trunk,Core,CARRY,Multi-planar,Compound,Mixed,Unilateral,Standing,LOAD_DISTANCE,Beginner,1,3,4,4,4,4,1,3,1,1,1,1,0,STANDARD,0,CURATED_SEED_NEEDS_DOMAIN_REVIEW,0.8,SRC_CURATED_V1;SRC_ACE_LIBRARY;SRC_FREE_EX_DB,"Scores are heuristic ranking metadata for software/AI, not medical or clinical guidance."
FARMER_S_CARRY,Farmer's Carry,Carry,CARRY,Functional,FUNCTIONAL,Upper Body,Forearms,CARRY,Multi-planar,Compound,Mixed,Bilateral,Standing,LOAD_DISTANCE,Beginner,1,3,4,4,4,4,1,3,1,1,1,1,0,STANDARD,0,CURATED_SEED_NEEDS_DOMAIN_REVIEW,0.8,SRC_CURATED_V1;SRC_ACE_LIBRARY;SRC_FREE_EX_DB,"Scores are heuristic ranking metadata for software/AI, not medical or clinical guidance."
TRAP_BAR_CARRY,Trap-Bar Carry,Carry,CARRY,Functional,FUNCTIONAL,Upper Body,Forearms,CARRY,Multi-planar,Compound,Mixed,Bilateral,Standing,LOAD_DISTANCE,Intermediate,3,3,4,5,4,4,1,3,1,0,1,1,0,STANDARD,0,CURATED_SEED_NEEDS_DOMAIN_REVIEW,0.8,SRC_CURATED_V1;SRC_ACE_LIBRARY;SRC_FREE_EX_DB,"Scores are heuristic ranking metadata for software/AI, not medical or clinical guidance."
FRONT_RACK_CARRY,Front-Rack Carry,Carry,CARRY,Functional,FUNCTIONAL,Trunk,Core,CARRY,Multi-planar,Compound,Mixed,Bilateral,Standing,LOAD_DISTANCE,Intermediate,3,3,4,4,4,4,1,3,1,0,1,1,0,STANDARD,0,CURATED_SEED_NEEDS_DOMAIN_REVIEW,0.8,SRC_CURATED_V1;SRC_ACE_LIBRARY;SRC_FREE_EX_DB,"Scores are heuristic ranking metadata for software/AI, not medical or clinical guidance."
OVERHEAD_CARRY,Overhead Carry,Carry,CARRY,Functional,FUNCTIONAL,Upper Body,Shoulders,CARRY,Multi-planar,Compound,Mixed,Bilateral,Standing,LOAD_DISTANCE,Intermediate,3,3,4,4,4,4,1,3,1,0,1,1,0,STANDARD,0,CURATED_SEED_NEEDS_DOMAIN_REVIEW,0.8,SRC_CURATED_V1;SRC_ACE_LIBRARY;SRC_FREE_EX_DB,"Scores are heuristic ranking metadata for software/AI, not medical or clinical guidance."
WAITER_S_CARRY,Waiter's Carry,Carry,CARRY,Functional,FUNCTIONAL,Upper Body,Shoulders,CARRY,Multi-planar,Compound,Mixed,Unilateral,Standing,LOAD_DISTANCE,Intermediate,3,3,4,4,4,4,1,3,1,0,1,1,0,STANDARD,0,CURATED_SEED_NEEDS_DOMAIN_REVIEW,0.8,SRC_CURATED_V1;SRC_ACE_LIBRARY;SRC_FREE_EX_DB,"Scores are heuristic ranking metadata for software/AI, not medical or clinical guidance."
BEAR_HUG_SANDBAG_CARRY,Bear-Hug Sandbag Carry,Carry,CARRY,Functional,FUNCTIONAL,Trunk,Core,CARRY,Multi-planar,Compound,Mixed,Bilateral,Standing,LOAD_DISTANCE,Intermediate,3,3,4,2,4,4,1,3,1,0,1,1,0,STANDARD,0,CURATED_SEED_NEEDS_DOMAIN_REVIEW,0.8,SRC_CURATED_V1;SRC_ACE_LIBRARY;SRC_FREE_EX_DB,"Scores are heuristic ranking metadata for software/AI, not medical or clinical guidance."
BEAR_CRAWL,Bear Crawl,Crawl,CRAWL,Functional,FUNCTIONAL,Trunk,Core,CRAWL,Multi-planar,Compound,Mixed,Alternating,Quadruped,BODYWEIGHT_REPS,Beginner,1,3,4,2,4,4,1,3,1,1,1,1,0,STANDARD,0,CURATED_SEED_NEEDS_DOMAIN_REVIEW,0.8,SRC_CURATED_V1;SRC_ACE_LIBRARY;SRC_FREE_EX_DB,"Scores are heuristic ranking metadata for software/AI, not medical or clinical guidance."
CRAB_WALK,Crab Walk,Crawl,CRAWL,Functional,FUNCTIONAL,Trunk,Core,CRAWL,Multi-planar,Compound,Mixed,Alternating,Supported,BODYWEIGHT_REPS,Beginner,1,3,4,2,4,4,1,3,1,1,1,1,0,STANDARD,0,CURATED_SEED_NEEDS_DOMAIN_REVIEW,0.8,SRC_CURATED_V1;SRC_ACE_LIBRARY;SRC_FREE_EX_DB,"Scores are heuristic ranking metadata for software/AI, not medical or clinical guidance."
POWER_CLEAN,Power Clean,Clean,CLEAN,Power,POWER,Full Body,Full Body,HIP_HINGE,Sagittal,Compound,Pull,Bilateral,Standing,WEIGHT_REPS,Advanced,5,3,5,5,3,4,5,2,1,0,0,1,1,TECHNIQUE_SENSITIVE,0,CURATED_SEED_NEEDS_DOMAIN_REVIEW,0.72,SRC_CURATED_V1;SRC_ACE_LIBRARY;SRC_FREE_EX_DB,"Scores are heuristic ranking metadata for software/AI, not medical or clinical guidance."
HANG_POWER_CLEAN,Hang Power Clean,Clean,CLEAN,Power,POWER,Full Body,Full Body,HIP_HINGE,Sagittal,Compound,Pull,Bilateral,Standing,WEIGHT_REPS,Advanced,5,3,5,5,3,4,5,2,1,0,0,1,1,TECHNIQUE_SENSITIVE,0,CURATED_SEED_NEEDS_DOMAIN_REVIEW,0.72,SRC_CURATED_V1;SRC_ACE_LIBRARY;SRC_FREE_EX_DB,"Scores are heuristic ranking metadata for software/AI, not medical or clinical guidance."
CLEAN_PULL,Clean Pull,Clean Pull,,Power,POWER,Full Body,Full Body,HIP_HINGE,Sagittal,Compound,Pull,Bilateral,Standing,WEIGHT_REPS,Advanced,5,3,5,5,3,4,5,2,1,0,0,1,1,TECHNIQUE_SENSITIVE,0,CURATED_SEED_NEEDS_DOMAIN_REVIEW,0.72,SRC_CURATED_V1;SRC_ACE_LIBRARY;SRC_FREE_EX_DB,"Scores are heuristic ranking metadata for software/AI, not medical or clinical guidance."
POWER_SNATCH,Power Snatch,Snatch,SNATCH,Power,POWER,Full Body,Full Body,HIP_HINGE,Sagittal,Compound,Pull,Bilateral,Standing,WEIGHT_REPS,Advanced,5,3,5,5,3,4,5,2,1,0,0,1,1,TECHNIQUE_SENSITIVE,0,CURATED_SEED_NEEDS_DOMAIN_REVIEW,0.72,SRC_CURATED_V1;SRC_ACE_LIBRARY;SRC_FREE_EX_DB,"Scores are heuristic ranking metadata for software/AI, not medical or clinical guidance."
HANG_POWER_SNATCH,Hang Power Snatch,Snatch,SNATCH,Power,POWER,Full Body,Full Body,HIP_HINGE,Sagittal,Compound,Pull,Bilateral,Standing,WEIGHT_REPS,Advanced,5,3,5,5,3,4,5,2,1,0,0,1,1,TECHNIQUE_SENSITIVE,0,CURATED_SEED_NEEDS_DOMAIN_REVIEW,0.72,SRC_CURATED_V1;SRC_ACE_LIBRARY;SRC_FREE_EX_DB,"Scores are heuristic ranking metadata for software/AI, not medical or clinical guidance."
SNATCH_PULL,Snatch Pull,Snatch Pull,,Power,POWER,Full Body,Full Body,HIP_HINGE,Sagittal,Compound,Pull,Bilateral,Standing,WEIGHT_REPS,Advanced,5,3,5,5,3,4,5,2,1,0,0,1,1,TECHNIQUE_SENSITIVE,0,CURATED_SEED_NEEDS_DOMAIN_REVIEW,0.72,SRC_CURATED_V1;SRC_ACE_LIBRARY;SRC_FREE_EX_DB,"Scores are heuristic ranking metadata for software/AI, not medical or clinical guidance."
PUSH_PRESS,Push Press,Push Press,,Power,POWER,Upper Body,Shoulders,VERTICAL_PUSH,Sagittal,Compound,Push,Bilateral,Standing,WEIGHT_REPS,Advanced,5,3,4,5,3,4,5,2,1,0,0,1,1,TECHNIQUE_SENSITIVE,0,CURATED_SEED_NEEDS_DOMAIN_REVIEW,0.72,SRC_CURATED_V1;SRC_ACE_LIBRARY;SRC_FREE_EX_DB,"Scores are heuristic ranking metadata for software/AI, not medical or clinical guidance."
PUSH_JERK,Push Jerk,Jerk,JERK,Power,POWER,Full Body,Full Body,VERTICAL_PUSH,Sagittal,Compound,Push,Bilateral,Standing,WEIGHT_REPS,Advanced,5,3,4,5,3,4,5,2,1,0,0,1,1,TECHNIQUE_SENSITIVE,0,CURATED_SEED_NEEDS_DOMAIN_REVIEW,0.72,SRC_CURATED_V1;SRC_ACE_LIBRARY;SRC_FREE_EX_DB,"Scores are heuristic ranking metadata for software/AI, not medical or clinical guidance."
KETTLEBELL_CLEAN,Kettlebell Clean,Kettlebell Clean,,Power,POWER,Full Body,Full Body,HIP_HINGE,Sagittal,Compound,Pull,Unilateral,Standing,WEIGHT_REPS,Intermediate,3,3,5,4,3,4,5,2,1,0,1,1,0,TECHNIQUE_SENSITIVE,0,CURATED_SEED_NEEDS_DOMAIN_REVIEW,0.8,SRC_CURATED_V1;SRC_ACE_LIBRARY;SRC_FREE_EX_DB,"Scores are heuristic ranking metadata for software/AI, not medical or clinical guidance."
KETTLEBELL_SNATCH,Kettlebell Snatch,Kettlebell Snatch,,Power,POWER,Full Body,Full Body,HIP_HINGE,Sagittal,Compound,Pull,Unilateral,Standing,WEIGHT_REPS,Advanced,5,3,5,4,3,4,5,2,1,0,0,1,1,TECHNIQUE_SENSITIVE,0,CURATED_SEED_NEEDS_DOMAIN_REVIEW,0.72,SRC_CURATED_V1;SRC_ACE_LIBRARY;SRC_FREE_EX_DB,"Scores are heuristic ranking metadata for software/AI, not medical or clinical guidance."
DUMBBELL_SNATCH,Dumbbell Snatch,Dumbbell Snatch,,Power,POWER,Full Body,Full Body,HIP_HINGE,Sagittal,Compound,Pull,Unilateral,Standing,WEIGHT_REPS,Intermediate,3,3,5,4,3,4,5,2,1,0,1,1,0,TECHNIQUE_SENSITIVE,0,CURATED_SEED_NEEDS_DOMAIN_REVIEW,0.8,SRC_CURATED_V1;SRC_ACE_LIBRARY;SRC_FREE_EX_DB,"Scores are heuristic ranking metadata for software/AI, not medical or clinical guidance."
MEDICINE_BALL_CHEST_PASS,Medicine-Ball Chest Pass,Medicine Ball Throw,MEDICINE_BALL_THROW,Power,POWER,Upper Body,Chest,THROW,Multi-planar,Compound,Push,Bilateral,Standing,WEIGHT_REPS,Beginner,3,3,4,2,3,4,5,2,1,1,1,1,0,TECHNIQUE_SENSITIVE,0,CURATED_SEED_NEEDS_DOMAIN_REVIEW,0.8,SRC_CURATED_V1;SRC_ACE_LIBRARY;SRC_FREE_EX_DB,"Scores are heuristic ranking metadata for software/AI, not medical or clinical guidance."
MEDICINE_BALL_OVERHEAD_THROW,Medicine-Ball Overhead Throw,Medicine Ball Throw,MEDICINE_BALL_THROW,Power,POWER,Full Body,Full Body,THROW,Multi-planar,Compound,Push,Bilateral,Standing,WEIGHT_REPS,Intermediate,3,3,4,2,3,4,5,2,1,0,1,1,0,TECHNIQUE_SENSITIVE,0,CURATED_SEED_NEEDS_DOMAIN_REVIEW,0.8,SRC_CURATED_V1;SRC_ACE_LIBRARY;SRC_FREE_EX_DB,"Scores are heuristic ranking metadata for software/AI, not medical or clinical guidance."
ROTATIONAL_MEDICINE_BALL_THROW,Rotational Medicine-Ball Throw,Medicine Ball Throw,MEDICINE_BALL_THROW,Power,POWER,Trunk,Core,THROW,Multi-planar,Compound,Push,Unilateral,Standing,WEIGHT_REPS,Intermediate,3,3,4,2,3,4,5,2,1,0,1,1,0,TECHNIQUE_SENSITIVE,0,CURATED_SEED_NEEDS_DOMAIN_REVIEW,0.8,SRC_CURATED_V1;SRC_ACE_LIBRARY;SRC_FREE_EX_DB,"Scores are heuristic ranking metadata for software/AI, not medical or clinical guidance."
MEDICINE_BALL_SLAM,Medicine-Ball Slam,Medicine Ball Slam,MEDICINE_BALL_SLAM,Power,POWER,Full Body,Full Body,THROW,Multi-planar,Compound,Push,Bilateral,Standing,WEIGHT_REPS,Beginner,3,3,4,2,3,4,5,2,1,1,1,1,0,TECHNIQUE_SENSITIVE,0,CURATED_SEED_NEEDS_DOMAIN_REVIEW,0.8,SRC_CURATED_V1;SRC_ACE_LIBRARY;SRC_FREE_EX_DB,"Scores are heuristic ranking metadata for software/AI, not medical or clinical guidance."
BOX_JUMP,Box Jump,Jump,JUMP,Plyometric,PLYOMETRIC,Lower Body,Quadriceps,JUMP,Multi-planar,Compound,Push,Bilateral,Standing,JUMPS_CONTACTS,Intermediate,3,3,4,2,1,3,5,2,1,0,1,1,0,TECHNIQUE_SENSITIVE,0,CURATED_SEED_NEEDS_DOMAIN_REVIEW,0.8,SRC_CURATED_V1;SRC_ACE_LIBRARY;SRC_FREE_EX_DB,"Scores are heuristic ranking metadata for software/AI, not medical or clinical guidance."
COUNTERMOVEMENT_JUMP,Countermovement Jump,Jump,JUMP,Plyometric,PLYOMETRIC,Lower Body,Quadriceps,JUMP,Multi-planar,Compound,Push,Bilateral,Standing,JUMPS_CONTACTS,Beginner,3,3,4,2,1,3,5,2,1,1,1,1,0,TECHNIQUE_SENSITIVE,0,CURATED_SEED_NEEDS_DOMAIN_REVIEW,0.8,SRC_CURATED_V1;SRC_ACE_LIBRARY;SRC_FREE_EX_DB,"Scores are heuristic ranking metadata for software/AI, not medical or clinical guidance."
SQUAT_JUMP,Squat Jump,Jump,JUMP,Plyometric,PLYOMETRIC,Lower Body,Quadriceps,JUMP,Multi-planar,Compound,Push,Bilateral,Standing,JUMPS_CONTACTS,Beginner,3,3,4,2,1,3,5,2,1,1,1,1,0,TECHNIQUE_SENSITIVE,0,CURATED_SEED_NEEDS_DOMAIN_REVIEW,0.8,SRC_CURATED_V1;SRC_ACE_LIBRARY;SRC_FREE_EX_DB,"Scores are heuristic ranking metadata for software/AI, not medical or clinical guidance."
BROAD_JUMP,Broad Jump,Jump,JUMP,Plyometric,PLYOMETRIC,Lower Body,Glutes,JUMP,Multi-planar,Compound,Push,Bilateral,Standing,JUMPS_CONTACTS,Intermediate,3,3,4,2,1,3,5,2,1,0,1,1,0,TECHNIQUE_SENSITIVE,0,CURATED_SEED_NEEDS_DOMAIN_REVIEW,0.8,SRC_CURATED_V1;SRC_ACE_LIBRARY;SRC_FREE_EX_DB,"Scores are heuristic ranking metadata for software/AI, not medical or clinical guidance."
TUCK_JUMP,Tuck Jump,Jump,JUMP,Plyometric,PLYOMETRIC,Lower Body,Quadriceps,JUMP,Multi-planar,Compound,Push,Bilateral,Standing,JUMPS_CONTACTS,Intermediate,3,3,4,2,1,3,5,2,1,0,1,1,0,TECHNIQUE_SENSITIVE,0,CURATED_SEED_NEEDS_DOMAIN_REVIEW,0.8,SRC_CURATED_V1;SRC_ACE_LIBRARY;SRC_FREE_EX_DB,"Scores are heuristic ranking metadata for software/AI, not medical or clinical guidance."
DEPTH_JUMP,Depth Jump,Jump,JUMP,Plyometric,PLYOMETRIC,Lower Body,Quadriceps,JUMP,Multi-planar,Compound,Push,Bilateral,Standing,JUMPS_CONTACTS,Advanced,5,3,4,2,1,3,5,2,1,0,0,1,1,TECHNIQUE_SENSITIVE,0,CURATED_SEED_NEEDS_DOMAIN_REVIEW,0.72,SRC_CURATED_V1;SRC_ACE_LIBRARY;SRC_FREE_EX_DB,"Scores are heuristic ranking metadata for software/AI, not medical or clinical guidance."
POGO_JUMP,Pogo Jump,Jump,JUMP,Plyometric,PLYOMETRIC,Lower Body,Calves,JUMP,Multi-planar,Compound,Push,Bilateral,Standing,JUMPS_CONTACTS,Beginner,3,3,4,2,1,3,5,2,1,1,1,1,0,TECHNIQUE_SENSITIVE,0,CURATED_SEED_NEEDS_DOMAIN_REVIEW,0.8,SRC_CURATED_V1;SRC_ACE_LIBRARY;SRC_FREE_EX_DB,"Scores are heuristic ranking metadata for software/AI, not medical or clinical guidance."
SINGLE_LEG_HOP,Single-Leg Hop,Hop,HOP,Plyometric,PLYOMETRIC,Lower Body,Quadriceps,HOP,Multi-planar,Compound,Push,Unilateral,Standing,JUMPS_CONTACTS,Intermediate,3,3,4,2,1,3,5,2,1,0,1,1,0,TECHNIQUE_SENSITIVE,0,CURATED_SEED_NEEDS_DOMAIN_REVIEW,0.8,SRC_CURATED_V1;SRC_ACE_LIBRARY;SRC_FREE_EX_DB,"Scores are heuristic ranking metadata for software/AI, not medical or clinical guidance."
LATERAL_BOUND,Lateral Bound,Bound,BOUND,Plyometric,PLYOMETRIC,Lower Body,Glutes,BOUND,Multi-planar,Compound,Push,Alternating,Standing,JUMPS_CONTACTS,Intermediate,3,3,4,2,1,3,5,2,1,0,1,1,0,TECHNIQUE_SENSITIVE,0,CURATED_SEED_NEEDS_DOMAIN_REVIEW,0.8,SRC_CURATED_V1;SRC_ACE_LIBRARY;SRC_FREE_EX_DB,"Scores are heuristic ranking metadata for software/AI, not medical or clinical guidance."
SKATER_JUMP,Skater Jump,Bound,BOUND,Plyometric,PLYOMETRIC,Lower Body,Glutes,BOUND,Multi-planar,Compound,Push,Alternating,Standing,JUMPS_CONTACTS,Intermediate,3,3,4,2,1,3,5,2,1,0,1,1,0,TECHNIQUE_SENSITIVE,0,CURATED_SEED_NEEDS_DOMAIN_REVIEW,0.8,SRC_CURATED_V1;SRC_ACE_LIBRARY;SRC_FREE_EX_DB,"Scores are heuristic ranking metadata for software/AI, not medical or clinical guidance."
BOUNDING,Bounding,Bound,BOUND,Plyometric,PLYOMETRIC,Lower Body,Glutes,BOUND,Multi-planar,Compound,Push,Alternating,Standing,JUMPS_CONTACTS,Advanced,5,3,4,2,1,3,5,2,1,0,0,1,1,TECHNIQUE_SENSITIVE,0,CURATED_SEED_NEEDS_DOMAIN_REVIEW,0.72,SRC_CURATED_V1;SRC_ACE_LIBRARY;SRC_FREE_EX_DB,"Scores are heuristic ranking metadata for software/AI, not medical or clinical guidance."
10_M_ACCELERATION_SPRINT,10 m Acceleration Sprint,Sprint,SPRINT,Speed,SPEED,Full Body,Full Body,SPRINT,Multi-planar,Compound,Mixed,Alternating,Standing,DISTANCE_TIME,Intermediate,3,3,4,2,1,1,4,3,3,0,1,1,0,TECHNIQUE_SENSITIVE,0,CURATED_SEED_NEEDS_DOMAIN_REVIEW,0.8,SRC_CURATED_V1;SRC_ACE_LIBRARY;SRC_FREE_EX_DB,"Scores are heuristic ranking metadata for software/AI, not medical or clinical guidance."
20_M_ACCELERATION_SPRINT,20 m Acceleration Sprint,Sprint,SPRINT,Speed,SPEED,Full Body,Full Body,SPRINT,Multi-planar,Compound,Mixed,Alternating,Standing,DISTANCE_TIME,Intermediate,3,3,4,2,1,1,4,3,3,0,1,1,0,TECHNIQUE_SENSITIVE,0,CURATED_SEED_NEEDS_DOMAIN_REVIEW,0.8,SRC_CURATED_V1;SRC_ACE_LIBRARY;SRC_FREE_EX_DB,"Scores are heuristic ranking metadata for software/AI, not medical or clinical guidance."
FLYING_SPRINT,Flying Sprint,Sprint,SPRINT,Speed,SPEED,Full Body,Full Body,SPRINT,Multi-planar,Compound,Mixed,Alternating,Standing,DISTANCE_TIME,Advanced,5,3,4,2,1,1,4,3,3,0,1,1,1,TECHNIQUE_SENSITIVE,0,CURATED_SEED_NEEDS_DOMAIN_REVIEW,0.72,SRC_CURATED_V1;SRC_ACE_LIBRARY;SRC_FREE_EX_DB,"Scores are heuristic ranking metadata for software/AI, not medical or clinical guidance."
HILL_SPRINT,Hill Sprint,Sprint,SPRINT,Speed,SPEED,Full Body,Full Body,SPRINT,Multi-planar,Compound,Mixed,Alternating,Standing,DISTANCE_TIME,Intermediate,3,3,4,2,1,1,4,3,3,0,1,1,0,TECHNIQUE_SENSITIVE,0,CURATED_SEED_NEEDS_DOMAIN_REVIEW,0.8,SRC_CURATED_V1;SRC_ACE_LIBRARY;SRC_FREE_EX_DB,"Scores are heuristic ranking metadata for software/AI, not medical or clinical guidance."
SHUTTLE_SPRINT,Shuttle Sprint,Shuttle,SHUTTLE,Agility,AGILITY,Full Body,Full Body,SPRINT,Multi-planar,Compound,Mixed,Alternating,Standing,DISTANCE_TIME,Intermediate,3,3,4,2,1,1,4,3,3,0,1,1,0,TECHNIQUE_SENSITIVE,0,CURATED_SEED_NEEDS_DOMAIN_REVIEW,0.8,SRC_CURATED_V1;SRC_ACE_LIBRARY;SRC_FREE_EX_DB,"Scores are heuristic ranking metadata for software/AI, not medical or clinical guidance."
5_10_5_SHUTTLE,5-10-5 Shuttle,Change of Direction,CHANGE_OF_DIRECTION,Agility,AGILITY,Full Body,Full Body,SPRINT,Multi-planar,Compound,Mixed,Alternating,Standing,DISTANCE_TIME,Intermediate,3,3,4,2,1,1,4,3,3,0,1,1,0,TECHNIQUE_SENSITIVE,0,CURATED_SEED_NEEDS_DOMAIN_REVIEW,0.8,SRC_CURATED_V1;SRC_ACE_LIBRARY;SRC_FREE_EX_DB,"Scores are heuristic ranking metadata for software/AI, not medical or clinical guidance."
T_DRILL,T-Drill,Change of Direction,CHANGE_OF_DIRECTION,Agility,AGILITY,Full Body,Full Body,SPRINT,Multi-planar,Compound,Mixed,Alternating,Standing,DISTANCE_TIME,Intermediate,3,3,4,2,1,1,4,3,3,0,1,1,0,TECHNIQUE_SENSITIVE,0,CURATED_SEED_NEEDS_DOMAIN_REVIEW,0.8,SRC_CURATED_V1;SRC_ACE_LIBRARY;SRC_FREE_EX_DB,"Scores are heuristic ranking metadata for software/AI, not medical or clinical guidance."
L_DRILL,L-Drill,Change of Direction,CHANGE_OF_DIRECTION,Agility,AGILITY,Full Body,Full Body,SPRINT,Multi-planar,Compound,Mixed,Alternating,Standing,DISTANCE_TIME,Intermediate,3,3,4,2,1,1,4,3,3,0,1,1,0,TECHNIQUE_SENSITIVE,0,CURATED_SEED_NEEDS_DOMAIN_REVIEW,0.8,SRC_CURATED_V1;SRC_ACE_LIBRARY;SRC_FREE_EX_DB,"Scores are heuristic ranking metadata for software/AI, not medical or clinical guidance."
LATERAL_SHUFFLE_DRILL,Lateral Shuffle Drill,Change of Direction,CHANGE_OF_DIRECTION,Agility,AGILITY,Lower Body,Glutes,SPRINT,Multi-planar,Compound,Mixed,Alternating,Standing,DISTANCE_TIME,Beginner,3,3,4,2,1,1,4,3,3,1,1,1,0,TECHNIQUE_SENSITIVE,0,CURATED_SEED_NEEDS_DOMAIN_REVIEW,0.8,SRC_CURATED_V1;SRC_ACE_LIBRARY;SRC_FREE_EX_DB,"Scores are heuristic ranking metadata for software/AI, not medical or clinical guidance."
AGILITY_LADDER_IN_IN_OUT_OUT,Agility Ladder In-In-Out-Out,Agility Ladder,AGILITY_LADDER,Agility,AGILITY,Full Body,Full Body,SPRINT,Multi-planar,Compound,Mixed,Alternating,Standing,DISTANCE_TIME,Beginner,3,3,4,2,1,1,4,3,3,1,1,1,0,TECHNIQUE_SENSITIVE,0,CURATED_SEED_NEEDS_DOMAIN_REVIEW,0.8,SRC_CURATED_V1;SRC_ACE_LIBRARY;SRC_FREE_EX_DB,"Scores are heuristic ranking metadata for software/AI, not medical or clinical guidance."
OUTDOOR_WALKING,Outdoor Walking,Walking,WALKING,Cardio,CARDIO,Full Body,Full Body,WALK,Multi-planar,Compound,Mixed,Alternating,Standing,DISTANCE_TIME,Beginner,1,3,4,2,1,1,1,5,5,1,1,1,0,STANDARD,0,CURATED_SEED_NEEDS_DOMAIN_REVIEW,0.8,SRC_CURATED_V1;SRC_ACE_LIBRARY;SRC_FREE_EX_DB,"Scores are heuristic ranking metadata for software/AI, not medical or clinical guidance."
TREADMILL_WALKING,Treadmill Walking,Walking,WALKING,Cardio,CARDIO,Full Body,Full Body,WALK,Multi-planar,Compound,Mixed,Alternating,Standing,DISTANCE_TIME,Beginner,1,3,4,2,1,1,1,5,5,1,1,1,0,STANDARD,0,CURATED_SEED_NEEDS_DOMAIN_REVIEW,0.8,SRC_CURATED_V1;SRC_ACE_LIBRARY;SRC_FREE_EX_DB,"Scores are heuristic ranking metadata for software/AI, not medical or clinical guidance."
INCLINE_TREADMILL_WALKING,Incline Treadmill Walking,Walking,WALKING,Cardio,CARDIO,Lower Body,Glutes,WALK,Multi-planar,Compound,Mixed,Alternating,Standing,DISTANCE_TIME,Beginner,1,3,4,2,1,1,1,5,5,1,1,1,0,STANDARD,0,CURATED_SEED_NEEDS_DOMAIN_REVIEW,0.8,SRC_CURATED_V1;SRC_ACE_LIBRARY;SRC_FREE_EX_DB,"Scores are heuristic ranking metadata for software/AI, not medical or clinical guidance."
OUTDOOR_RUNNING,Outdoor Running,Running,RUNNING,Cardio,CARDIO,Full Body,Full Body,RUN,Multi-planar,Compound,Mixed,Alternating,Standing,DISTANCE_TIME,Beginner,1,3,4,2,1,1,1,5,5,1,1,1,0,STANDARD,0,CURATED_SEED_NEEDS_DOMAIN_REVIEW,0.8,SRC_CURATED_V1;SRC_ACE_LIBRARY;SRC_FREE_EX_DB,"Scores are heuristic ranking metadata for software/AI, not medical or clinical guidance."
TREADMILL_RUNNING,Treadmill Running,Running,RUNNING,Cardio,CARDIO,Full Body,Full Body,RUN,Multi-planar,Compound,Mixed,Alternating,Standing,DISTANCE_TIME,Beginner,1,3,4,2,1,1,1,5,5,1,1,1,0,STANDARD,0,CURATED_SEED_NEEDS_DOMAIN_REVIEW,0.8,SRC_CURATED_V1;SRC_ACE_LIBRARY;SRC_FREE_EX_DB,"Scores are heuristic ranking metadata for software/AI, not medical or clinical guidance."
STATIONARY_CYCLING,Stationary Cycling,Cycling,CYCLING,Cardio,CARDIO,Lower Body,Quadriceps,CYCLE,Multi-planar,Compound,Mixed,Alternating,Seated,DURATION,Beginner,1,3,4,2,1,1,1,5,5,1,1,1,0,STANDARD,0,CURATED_SEED_NEEDS_DOMAIN_REVIEW,0.8,SRC_CURATED_V1;SRC_ACE_LIBRARY;SRC_FREE_EX_DB,"Scores are heuristic ranking metadata for software/AI, not medical or clinical guidance."
AIR_BIKE,Air Bike,Cycling,CYCLING,Cardio,CARDIO,Full Body,Full Body,CYCLE,Multi-planar,Compound,Mixed,Alternating,Seated,DURATION,Beginner,1,3,4,2,1,1,1,5,5,1,1,1,0,STANDARD,0,CURATED_SEED_NEEDS_DOMAIN_REVIEW,0.8,SRC_CURATED_V1;SRC_ACE_LIBRARY;SRC_FREE_EX_DB,"Scores are heuristic ranking metadata for software/AI, not medical or clinical guidance."
ROWING_ERGOMETER,Rowing Ergometer,Rowing Cardio,ROWING_CARDIO,Cardio,CARDIO,Full Body,Full Body,ROW,Multi-planar,Compound,Mixed,Bilateral,Seated,DURATION,Beginner,1,3,4,2,1,1,1,5,5,1,1,1,0,STANDARD,0,CURATED_SEED_NEEDS_DOMAIN_REVIEW,0.8,SRC_CURATED_V1;SRC_ACE_LIBRARY;SRC_FREE_EX_DB,"Scores are heuristic ranking metadata for software/AI, not medical or clinical guidance."
SKI_ERGOMETER,Ski Ergometer,Ski Erg,SKI_ERG,Cardio,CARDIO,Full Body,Full Body,ROW,Multi-planar,Compound,Mixed,Bilateral,Standing,DURATION,Beginner,1,3,4,2,1,1,1,5,5,1,1,1,0,STANDARD,0,CURATED_SEED_NEEDS_DOMAIN_REVIEW,0.8,SRC_CURATED_V1;SRC_ACE_LIBRARY;SRC_FREE_EX_DB,"Scores are heuristic ranking metadata for software/AI, not medical or clinical guidance."
ELLIPTICAL,Elliptical,Elliptical,,Cardio,CARDIO,Full Body,Full Body,WALK,Multi-planar,Compound,Mixed,Alternating,Standing,DURATION,Beginner,1,3,4,2,1,1,1,5,5,1,1,1,0,STANDARD,0,CURATED_SEED_NEEDS_DOMAIN_REVIEW,0.8,SRC_CURATED_V1;SRC_ACE_LIBRARY;SRC_FREE_EX_DB,"Scores are heuristic ranking metadata for software/AI, not medical or clinical guidance."
STAIR_CLIMBER,Stair Climber,Stairs,STAIRS,Cardio,CARDIO,Lower Body,Quadriceps,STEP,Sagittal,Compound,Push,Alternating,Standing,DURATION,Beginner,1,3,4,2,1,1,1,5,5,1,1,1,0,STANDARD,0,CURATED_SEED_NEEDS_DOMAIN_REVIEW,0.8,SRC_CURATED_V1;SRC_ACE_LIBRARY;SRC_FREE_EX_DB,"Scores are heuristic ranking metadata for software/AI, not medical or clinical guidance."
JUMP_ROPE,Jump Rope,Jump Rope,,Cardio,CARDIO,Lower Body,Calves,JUMP,Multi-planar,Compound,Push,Bilateral,Standing,DURATION,Intermediate,3,3,4,2,1,1,1,5,5,0,1,1,0,STANDARD,0,CURATED_SEED_NEEDS_DOMAIN_REVIEW,0.8,SRC_CURATED_V1;SRC_ACE_LIBRARY;SRC_FREE_EX_DB,"Scores are heuristic ranking metadata for software/AI, not medical or clinical guidance."
SWIMMING_FREESTYLE,Swimming Freestyle,Swimming,SWIMMING,Cardio,CARDIO,Full Body,Full Body,SWIM,Multi-planar,Compound,Mixed,Alternating,Prone,DISTANCE_TIME,Intermediate,3,3,4,2,1,1,1,5,5,0,1,1,0,STANDARD,0,CURATED_SEED_NEEDS_DOMAIN_REVIEW,0.8,SRC_CURATED_V1;SRC_ACE_LIBRARY;SRC_FREE_EX_DB,"Scores are heuristic ranking metadata for software/AI, not medical or clinical guidance."
SWIMMING_BREASTSTROKE,Swimming Breaststroke,Swimming,SWIMMING,Cardio,CARDIO,Full Body,Full Body,SWIM,Multi-planar,Compound,Mixed,Bilateral,Prone,DISTANCE_TIME,Intermediate,3,3,4,2,1,1,1,5,5,0,1,1,0,STANDARD,0,CURATED_SEED_NEEDS_DOMAIN_REVIEW,0.8,SRC_CURATED_V1;SRC_ACE_LIBRARY;SRC_FREE_EX_DB,"Scores are heuristic ranking metadata for software/AI, not medical or clinical guidance."
SLED_PUSH,Sled Push,Sled,SLED,Conditioning,CONDITIONING,Lower Body,Quadriceps,HORIZONTAL_PUSH,Transverse,Compound,Push,Bilateral,Standing,WEIGHT_REPS,Intermediate,3,3,4,2,2,2,3,4,4,0,1,1,0,STANDARD,0,CURATED_SEED_NEEDS_DOMAIN_REVIEW,0.8,SRC_CURATED_V1;SRC_ACE_LIBRARY;SRC_FREE_EX_DB,"Scores are heuristic ranking metadata for software/AI, not medical or clinical guidance."
SLED_DRAG,Sled Drag,Sled,SLED,Conditioning,CONDITIONING,Lower Body,Quadriceps,HORIZONTAL_PULL,Transverse,Compound,Pull,Bilateral,Standing,WEIGHT_REPS,Intermediate,3,3,4,2,2,2,3,4,4,0,1,1,0,STANDARD,0,CURATED_SEED_NEEDS_DOMAIN_REVIEW,0.8,SRC_CURATED_V1;SRC_ACE_LIBRARY;SRC_FREE_EX_DB,"Scores are heuristic ranking metadata for software/AI, not medical or clinical guidance."
BATTLE_ROPE_ALTERNATING_WAVES,Battle Rope Alternating Waves,Battle Rope,BATTLE_ROPE,Conditioning,CONDITIONING,Upper Body,Shoulders,SHOULDER_FLEXION,Sagittal,Compound,Push,Alternating,Standing,REPS_ONLY,Intermediate,3,3,4,2,2,2,3,4,4,0,1,1,0,STANDARD,0,CURATED_SEED_NEEDS_DOMAIN_REVIEW,0.8,SRC_CURATED_V1;SRC_ACE_LIBRARY;SRC_FREE_EX_DB,"Scores are heuristic ranking metadata for software/AI, not medical or clinical guidance."
BATTLE_ROPE_SLAMS,Battle Rope Slams,Battle Rope,BATTLE_ROPE,Conditioning,CONDITIONING,Upper Body,Shoulders,SHOULDER_FLEXION,Sagittal,Compound,Push,Bilateral,Standing,REPS_ONLY,Intermediate,3,3,4,2,2,2,3,4,4,0,1,1,0,STANDARD,0,CURATED_SEED_NEEDS_DOMAIN_REVIEW,0.8,SRC_CURATED_V1;SRC_ACE_LIBRARY;SRC_FREE_EX_DB,"Scores are heuristic ranking metadata for software/AI, not medical or clinical guidance."
BURPEE,Burpee,Burpee,,Conditioning,CONDITIONING,Full Body,Full Body,JUMP,Multi-planar,Compound,Push,Bilateral,Standing,BODYWEIGHT_REPS,Intermediate,3,3,4,2,2,2,3,4,4,0,1,1,0,STANDARD,0,CURATED_SEED_NEEDS_DOMAIN_REVIEW,0.8,SRC_CURATED_V1;SRC_ACE_LIBRARY;SRC_FREE_EX_DB,"Scores are heuristic ranking metadata for software/AI, not medical or clinical guidance."
DUMBBELL_THRUSTER,Dumbbell Thruster,Thruster,THRUSTER,Conditioning,CONDITIONING,Full Body,Full Body,VERTICAL_PUSH,Sagittal,Compound,Push,Bilateral,Standing,WEIGHT_REPS,Intermediate,3,3,4,4,2,2,3,4,4,0,1,1,0,STANDARD,0,CURATED_SEED_NEEDS_DOMAIN_REVIEW,0.8,SRC_CURATED_V1;SRC_ACE_LIBRARY;SRC_FREE_EX_DB,"Scores are heuristic ranking metadata for software/AI, not medical or clinical guidance."
BARBELL_THRUSTER,Barbell Thruster,Thruster,THRUSTER,Conditioning,CONDITIONING,Full Body,Full Body,VERTICAL_PUSH,Sagittal,Compound,Push,Bilateral,Standing,WEIGHT_REPS,Advanced,5,3,4,5,2,2,3,4,4,0,1,1,1,TECHNIQUE_SENSITIVE,0,CURATED_SEED_NEEDS_DOMAIN_REVIEW,0.72,SRC_CURATED_V1;SRC_ACE_LIBRARY;SRC_FREE_EX_DB,"Scores are heuristic ranking metadata for software/AI, not medical or clinical guidance."
90_90_HIP_SWITCH,90/90 Hip Switch,Hip Mobility,HIP_MOBILITY,Mobility,MOBILITY,Lower Body,Glutes,MOBILITY,Multi-planar,Compound,Mixed,Alternating,Seated,DURATION,Beginner,1,3,4,2,1,1,1,2,1,1,1,1,0,STANDARD,0,CURATED_SEED_NEEDS_DOMAIN_REVIEW,0.8,SRC_CURATED_V1;SRC_ACE_LIBRARY;SRC_FREE_EX_DB,"Scores are heuristic ranking metadata for software/AI, not medical or clinical guidance."
WORLD_S_GREATEST_STRETCH,World's Greatest Stretch,Full Body Mobility,FULL_BODY_MOBILITY,Mobility,MOBILITY,Full Body,Full Body,MOBILITY,Multi-planar,Compound,Mixed,Alternating,Standing,DURATION,Beginner,1,3,4,2,1,1,1,2,1,1,1,1,0,STANDARD,0,CURATED_SEED_NEEDS_DOMAIN_REVIEW,0.8,SRC_CURATED_V1;SRC_ACE_LIBRARY;SRC_FREE_EX_DB,"Scores are heuristic ranking metadata for software/AI, not medical or clinical guidance."
DEEP_SQUAT_PRY,Deep Squat Pry,Squat Mobility,SQUAT_MOBILITY,Mobility,MOBILITY,Lower Body,Adductors,MOBILITY,Multi-planar,Compound,Mixed,Bilateral,Standing,DURATION,Beginner,1,3,4,2,1,1,1,2,1,1,1,1,0,STANDARD,0,CURATED_SEED_NEEDS_DOMAIN_REVIEW,0.8,SRC_CURATED_V1;SRC_ACE_LIBRARY;SRC_FREE_EX_DB,"Scores are heuristic ranking metadata for software/AI, not medical or clinical guidance."
ANKLE_DORSIFLEXION_ROCK,Ankle Dorsiflexion Rock,Ankle Mobility,ANKLE_MOBILITY,Mobility,MOBILITY,Lower Body,Calves,MOBILITY,Multi-planar,Isolation,Mixed,Unilateral,Kneeling,DURATION,Beginner,1,3,2,2,1,1,1,2,1,1,1,1,0,STANDARD,0,CURATED_SEED_NEEDS_DOMAIN_REVIEW,0.8,SRC_CURATED_V1;SRC_ACE_LIBRARY;SRC_FREE_EX_DB,"Scores are heuristic ranking metadata for software/AI, not medical or clinical guidance."
HIP_FLEXOR_STRETCH,Hip Flexor Stretch,Hip Flexor Stretch,,Flexibility,FLEXIBILITY,Lower Body,Hip Flexors,STRETCH,Multi-planar,Isolation,Mixed,Unilateral,Half-Kneeling,DURATION,Beginner,1,3,2,2,1,1,1,2,1,1,1,1,0,STANDARD,0,CURATED_SEED_NEEDS_DOMAIN_REVIEW,0.8,SRC_CURATED_V1;SRC_ACE_LIBRARY;SRC_FREE_EX_DB,"Scores are heuristic ranking metadata for software/AI, not medical or clinical guidance."
COUCH_STRETCH,Couch Stretch,Hip Flexor Stretch,HIP_FLEXOR_STRETCH,Flexibility,FLEXIBILITY,Lower Body,Hip Flexors,STRETCH,Multi-planar,Isolation,Mixed,Unilateral,Half-Kneeling,DURATION,Intermediate,3,3,2,2,1,1,1,2,1,0,1,1,0,STANDARD,0,CURATED_SEED_NEEDS_DOMAIN_REVIEW,0.8,SRC_CURATED_V1;SRC_ACE_LIBRARY;SRC_FREE_EX_DB,"Scores are heuristic ranking metadata for software/AI, not medical or clinical guidance."
STANDING_QUAD_STRETCH,Standing Quad Stretch,Quad Stretch,QUAD_STRETCH,Flexibility,FLEXIBILITY,Lower Body,Quadriceps,STRETCH,Multi-planar,Isolation,Mixed,Unilateral,Standing,DURATION,Beginner,1,3,2,2,1,1,1,2,1,1,1,1,0,STANDARD,0,CURATED_SEED_NEEDS_DOMAIN_REVIEW,0.8,SRC_CURATED_V1;SRC_ACE_LIBRARY;SRC_FREE_EX_DB,"Scores are heuristic ranking metadata for software/AI, not medical or clinical guidance."
SEATED_HAMSTRING_STRETCH,Seated Hamstring Stretch,Hamstring Stretch,HAMSTRING_STRETCH,Flexibility,FLEXIBILITY,Lower Body,Hamstrings,STRETCH,Multi-planar,Isolation,Mixed,Bilateral,Seated,DURATION,Beginner,1,3,2,2,1,1,1,2,1,1,1,1,0,STANDARD,0,CURATED_SEED_NEEDS_DOMAIN_REVIEW,0.8,SRC_CURATED_V1;SRC_ACE_LIBRARY;SRC_FREE_EX_DB,"Scores are heuristic ranking metadata for software/AI, not medical or clinical guidance."
SUPINE_HAMSTRING_STRETCH,Supine Hamstring Stretch,Hamstring Stretch,HAMSTRING_STRETCH,Flexibility,FLEXIBILITY,Lower Body,Hamstrings,STRETCH,Multi-planar,Isolation,Mixed,Unilateral,Supine,DURATION,Beginner,1,3,2,2,1,1,1,2,1,1,1,1,0,STANDARD,0,CURATED_SEED_NEEDS_DOMAIN_REVIEW,0.8,SRC_CURATED_V1;SRC_ACE_LIBRARY;SRC_FREE_EX_DB,"Scores are heuristic ranking metadata for software/AI, not medical or clinical guidance."
FIGURE_FOUR_GLUTE_STRETCH,Figure-Four Glute Stretch,Glute Stretch,GLUTE_STRETCH,Flexibility,FLEXIBILITY,Lower Body,Glutes,STRETCH,Multi-planar,Isolation,Mixed,Unilateral,Supine,DURATION,Beginner,1,3,2,2,1,1,1,2,1,1,1,1,0,STANDARD,0,CURATED_SEED_NEEDS_DOMAIN_REVIEW,0.8,SRC_CURATED_V1;SRC_ACE_LIBRARY;SRC_FREE_EX_DB,"Scores are heuristic ranking metadata for software/AI, not medical or clinical guidance."
BUTTERFLY_GROIN_STRETCH,Butterfly Groin Stretch,Adductor Stretch,ADDUCTOR_STRETCH,Flexibility,FLEXIBILITY,Lower Body,Adductors,STRETCH,Multi-planar,Isolation,Mixed,Bilateral,Seated,DURATION,Beginner,1,3,2,2,1,1,1,2,1,1,1,1,0,STANDARD,0,CURATED_SEED_NEEDS_DOMAIN_REVIEW,0.8,SRC_CURATED_V1;SRC_ACE_LIBRARY;SRC_FREE_EX_DB,"Scores are heuristic ranking metadata for software/AI, not medical or clinical guidance."
STANDING_CALF_STRETCH,Standing Calf Stretch,Calf Stretch,CALF_STRETCH,Flexibility,FLEXIBILITY,Lower Body,Calves,STRETCH,Multi-planar,Isolation,Mixed,Unilateral,Standing,DURATION,Beginner,1,3,2,2,1,1,1,2,1,1,1,1,0,STANDARD,0,CURATED_SEED_NEEDS_DOMAIN_REVIEW,0.8,SRC_CURATED_V1;SRC_ACE_LIBRARY;SRC_FREE_EX_DB,"Scores are heuristic ranking metadata for software/AI, not medical or clinical guidance."
DOORWAY_CHEST_STRETCH,Doorway Chest Stretch,Chest Stretch,CHEST_STRETCH,Flexibility,FLEXIBILITY,Upper Body,Chest,STRETCH,Multi-planar,Isolation,Mixed,Unilateral,Standing,DURATION,Beginner,1,3,2,2,1,1,1,2,1,1,1,1,0,STANDARD,0,CURATED_SEED_NEEDS_DOMAIN_REVIEW,0.8,SRC_CURATED_V1;SRC_ACE_LIBRARY;SRC_FREE_EX_DB,"Scores are heuristic ranking metadata for software/AI, not medical or clinical guidance."
CROSS_BODY_SHOULDER_STRETCH,Cross-Body Shoulder Stretch,Shoulder Stretch,SHOULDER_STRETCH,Flexibility,FLEXIBILITY,Upper Body,Shoulders,STRETCH,Multi-planar,Isolation,Mixed,Unilateral,Standing,DURATION,Beginner,1,3,2,2,1,1,1,2,1,1,1,1,0,STANDARD,0,CURATED_SEED_NEEDS_DOMAIN_REVIEW,0.8,SRC_CURATED_V1;SRC_ACE_LIBRARY;SRC_FREE_EX_DB,"Scores are heuristic ranking metadata for software/AI, not medical or clinical guidance."
LAT_STRETCH_ON_BENCH,Lat Stretch on Bench,Lat Stretch,LAT_STRETCH,Flexibility,FLEXIBILITY,Upper Body,Back,STRETCH,Multi-planar,Isolation,Mixed,Bilateral,Kneeling,DURATION,Beginner,1,1,2,2,1,1,1,2,1,1,1,1,0,STANDARD,0,CURATED_SEED_NEEDS_DOMAIN_REVIEW,0.8,SRC_CURATED_V1;SRC_ACE_LIBRARY;SRC_FREE_EX_DB,"Scores are heuristic ranking metadata for software/AI, not medical or clinical guidance."
CHILD_S_POSE,Child's Pose,Child's Pose,,Flexibility,FLEXIBILITY,Upper Body,Back,STRETCH,Multi-planar,Compound,Mixed,Bilateral,Kneeling,DURATION,Beginner,1,3,4,2,1,1,1,2,1,1,1,1,0,STANDARD,0,CURATED_SEED_NEEDS_DOMAIN_REVIEW,0.8,SRC_CURATED_V1;SRC_ACE_LIBRARY;SRC_FREE_EX_DB,"Scores are heuristic ranking metadata for software/AI, not medical or clinical guidance."
CAT_COW,Cat-Cow,Spine Mobility,SPINE_MOBILITY,Mobility,MOBILITY,Upper Body,Back,MOBILITY,Multi-planar,Compound,Mixed,Bilateral,Quadruped,DURATION,Beginner,1,3,4,2,1,1,1,2,1,1,1,1,0,STANDARD,0,CURATED_SEED_NEEDS_DOMAIN_REVIEW,0.8,SRC_CURATED_V1;SRC_ACE_LIBRARY;SRC_FREE_EX_DB,"Scores are heuristic ranking metadata for software/AI, not medical or clinical guidance."
THORACIC_ROTATION_OPEN_BOOK,Thoracic Rotation - Open Book,Thoracic Mobility,THORACIC_MOBILITY,Mobility,MOBILITY,Upper Body,Back,TRUNK_ROTATION,Transverse,Compound,Mixed,Unilateral,Side-Lying,DURATION,Beginner,1,3,4,2,1,1,1,2,1,1,1,1,0,STANDARD,0,CURATED_SEED_NEEDS_DOMAIN_REVIEW,0.8,SRC_CURATED_V1;SRC_ACE_LIBRARY;SRC_FREE_EX_DB,"Scores are heuristic ranking metadata for software/AI, not medical or clinical guidance."
THREAD_THE_NEEDLE,Thread the Needle,Thoracic Mobility,THORACIC_MOBILITY,Mobility,MOBILITY,Upper Body,Back,TRUNK_ROTATION,Transverse,Compound,Mixed,Unilateral,Quadruped,DURATION,Beginner,1,3,4,2,1,1,1,2,1,1,1,1,0,STANDARD,0,CURATED_SEED_NEEDS_DOMAIN_REVIEW,0.8,SRC_CURATED_V1;SRC_ACE_LIBRARY;SRC_FREE_EX_DB,"Scores are heuristic ranking metadata for software/AI, not medical or clinical guidance."
FOAM_ROLL_QUADRICEPS,Foam Roll Quadriceps,Foam Rolling,FOAM_ROLLING,Recovery,RECOVERY,Lower Body,Quadriceps,SELF_MYOFASCIAL_RELEASE,Multi-planar,Isolation,Mixed,Unilateral,Prone,DURATION,Beginner,1,1,2,2,1,1,1,2,1,1,1,1,0,STANDARD,0,CURATED_SEED_NEEDS_DOMAIN_REVIEW,0.8,SRC_CURATED_V1;SRC_ACE_LIBRARY;SRC_FREE_EX_DB,"Scores are heuristic ranking metadata for software/AI, not medical or clinical guidance."
FOAM_ROLL_HAMSTRINGS,Foam Roll Hamstrings,Foam Rolling,FOAM_ROLLING,Recovery,RECOVERY,Lower Body,Hamstrings,SELF_MYOFASCIAL_RELEASE,Multi-planar,Isolation,Mixed,Unilateral,Seated,DURATION,Beginner,1,1,2,2,1,1,1,2,1,1,1,1,0,STANDARD,0,CURATED_SEED_NEEDS_DOMAIN_REVIEW,0.8,SRC_CURATED_V1;SRC_ACE_LIBRARY;SRC_FREE_EX_DB,"Scores are heuristic ranking metadata for software/AI, not medical or clinical guidance."
FOAM_ROLL_GLUTES,Foam Roll Glutes,Foam Rolling,FOAM_ROLLING,Recovery,RECOVERY,Lower Body,Glutes,SELF_MYOFASCIAL_RELEASE,Multi-planar,Isolation,Mixed,Unilateral,Seated,DURATION,Beginner,1,1,2,2,1,1,1,2,1,1,1,1,0,STANDARD,0,CURATED_SEED_NEEDS_DOMAIN_REVIEW,0.8,SRC_CURATED_V1;SRC_ACE_LIBRARY;SRC_FREE_EX_DB,"Scores are heuristic ranking metadata for software/AI, not medical or clinical guidance."
FOAM_ROLL_CALVES,Foam Roll Calves,Foam Rolling,FOAM_ROLLING,Recovery,RECOVERY,Lower Body,Calves,SELF_MYOFASCIAL_RELEASE,Multi-planar,Isolation,Mixed,Unilateral,Seated,DURATION,Beginner,1,1,2,2,1,1,1,2,1,1,1,1,0,STANDARD,0,CURATED_SEED_NEEDS_DOMAIN_REVIEW,0.8,SRC_CURATED_V1;SRC_ACE_LIBRARY;SRC_FREE_EX_DB,"Scores are heuristic ranking metadata for software/AI, not medical or clinical guidance."
FOAM_ROLL_LATS,Foam Roll Lats,Foam Rolling,FOAM_ROLLING,Recovery,RECOVERY,Upper Body,Back,SELF_MYOFASCIAL_RELEASE,Multi-planar,Isolation,Mixed,Unilateral,Side-Lying,DURATION,Beginner,1,1,2,2,1,1,1,2,1,1,1,1,0,STANDARD,0,CURATED_SEED_NEEDS_DOMAIN_REVIEW,0.8,SRC_CURATED_V1;SRC_ACE_LIBRARY;SRC_FREE_EX_DB,"Scores are heuristic ranking metadata for software/AI, not medical or clinical guidance."
DIAPHRAGMATIC_BREATHING,Diaphragmatic Breathing,Breathing,BREATHING,Recovery,RECOVERY,Trunk,Core,BREATHING,Multi-planar,Isometric,Static,Bilateral,Supine,DURATION,Beginner,1,3,2,2,1,1,1,2,1,1,1,1,0,STANDARD,0,CURATED_SEED_NEEDS_DOMAIN_REVIEW,0.8,SRC_CURATED_V1;SRC_ACE_LIBRARY;SRC_FREE_EX_DB,"Scores are heuristic ranking metadata for software/AI, not medical or clinical guidance."
